[
    {
        "client_msg_id": "2FE3026E-0520-4A30-96CF-8DDBB35DF948",
        "type": "message",
        "text": "Hey Satish ! I will be outside during the meeting time , although I started working on code.. Will let you know once done. ! We can meet tomorrow? Or your morning maybe. ",
        "user": "U05TG4W1YUF",
        "ts": "1697173766.396479",
        "blocks": [
            {
                "type": "rich_text",
                "block_id": "1JPC0",
                "elements": [
                    {
                        "type": "rich_text_section",
                        "elements": [
                            {
                                "type": "text",
                                "text": "Hey Satish ! I will be outside during the meeting time , although I started working on code.. Will let you know once done. ! We can meet tomorrow"
                            },
                            {
                                "type": "text",
                                "text": "?"
                            },
                            {
                                "type": "text",
                                "text": " Or your morning maybe. "
                            }
                        ]
                    }
                ]
            }
        ],
        "team": "T05R93T7YDD",
        "user_team": "T05R93T7YDD",
        "source_team": "T05R93T7YDD",
        "user_profile": {
            "avatar_hash": "g22d8fb57edb",
            "image_72": "https:\/\/secure.gravatar.com\/avatar\/22d8fb57edbe9813b22163a51500df62.jpg?s=72&d=https%3A%2F%2Fa.slack-edge.com%2Fdf10d%2Fimg%2Favatars%2Fava_0007-72.png",
            "first_name": "Nikhil",
            "real_name": "Nikhil Kumar",
            "display_name": "",
            "team": "T05R93T7YDD",
            "name": "nikhil993477",
            "is_restricted": true,
            "is_ultra_restricted": true
        },
        "reactions": [
            {
                "name": "+1",
                "users": [
                    "U05TQLV3ZC4"
                ],
                "count": 1
            }
        ]
    }
]