[
    {
        "type": "message",
        "text": "",
        "files": [
            {
                "id": "F0608FN8V1A",
                "created": 1696657964,
                "timestamp": 1696657964,
                "name": "IMG_1857.PNG",
                "title": "IMG_1857",
                "mimetype": "image\/jpeg",
                "filetype": "jpg",
                "pretty_type": "JPEG",
                "user": "U05TQLV3ZC4",
                "user_team": "T05R93T7YDD",
                "editable": false,
                "size": 1190397,
                "mode": "hosted",
                "is_external": false,
                "external_type": "",
                "is_public": false,
                "public_url_shared": false,
                "display_as_bot": false,
                "username": "",
                "url_private": "https:\/\/files.slack.com\/files-pri\/T05R93T7YDD-F0608FN8V1A\/img_1857.png?t=xoxe-5859129270455-6055085776481-6055085969137-dd15bf92da5787bbb1df770b9954eb00",
                "url_private_download": "https:\/\/files.slack.com\/files-pri\/T05R93T7YDD-F0608FN8V1A\/download\/img_1857.png?t=xoxe-5859129270455-6055085776481-6055085969137-dd15bf92da5787bbb1df770b9954eb00",
                "media_display_type": "unknown",
                "thumb_64": "https:\/\/files.slack.com\/files-tmb\/T05R93T7YDD-F0608FN8V1A-6965f34553\/img_1857_64.jpg?t=xoxe-5859129270455-6055085776481-6055085969137-dd15bf92da5787bbb1df770b9954eb00",
                "thumb_80": "https:\/\/files.slack.com\/files-tmb\/T05R93T7YDD-F0608FN8V1A-6965f34553\/img_1857_80.jpg?t=xoxe-5859129270455-6055085776481-6055085969137-dd15bf92da5787bbb1df770b9954eb00",
                "thumb_360": "https:\/\/files.slack.com\/files-tmb\/T05R93T7YDD-F0608FN8V1A-6965f34553\/img_1857_360.jpg?t=xoxe-5859129270455-6055085776481-6055085969137-dd15bf92da5787bbb1df770b9954eb00",
                "thumb_360_w": 360,
                "thumb_360_h": 166,
                "thumb_480": "https:\/\/files.slack.com\/files-tmb\/T05R93T7YDD-F0608FN8V1A-6965f34553\/img_1857_480.jpg?t=xoxe-5859129270455-6055085776481-6055085969137-dd15bf92da5787bbb1df770b9954eb00",
                "thumb_480_w": 480,
                "thumb_480_h": 222,
                "thumb_160": "https:\/\/files.slack.com\/files-tmb\/T05R93T7YDD-F0608FN8V1A-6965f34553\/img_1857_160.jpg?t=xoxe-5859129270455-6055085776481-6055085969137-dd15bf92da5787bbb1df770b9954eb00",
                "thumb_720": "https:\/\/files.slack.com\/files-tmb\/T05R93T7YDD-F0608FN8V1A-6965f34553\/img_1857_720.jpg?t=xoxe-5859129270455-6055085776481-6055085969137-dd15bf92da5787bbb1df770b9954eb00",
                "thumb_720_w": 720,
                "thumb_720_h": 333,
                "thumb_800": "https:\/\/files.slack.com\/files-tmb\/T05R93T7YDD-F0608FN8V1A-6965f34553\/img_1857_800.jpg?t=xoxe-5859129270455-6055085776481-6055085969137-dd15bf92da5787bbb1df770b9954eb00",
                "thumb_800_w": 800,
                "thumb_800_h": 370,
                "thumb_960": "https:\/\/files.slack.com\/files-tmb\/T05R93T7YDD-F0608FN8V1A-6965f34553\/img_1857_960.jpg?t=xoxe-5859129270455-6055085776481-6055085969137-dd15bf92da5787bbb1df770b9954eb00",
                "thumb_960_w": 960,
                "thumb_960_h": 444,
                "thumb_1024": "https:\/\/files.slack.com\/files-tmb\/T05R93T7YDD-F0608FN8V1A-6965f34553\/img_1857_1024.jpg?t=xoxe-5859129270455-6055085776481-6055085969137-dd15bf92da5787bbb1df770b9954eb00",
                "thumb_1024_w": 1024,
                "thumb_1024_h": 473,
                "original_w": 2778,
                "original_h": 1284,
                "thumb_tiny": "AwAWADDPhjMsqoOrHFWxpzsOCo\/4F\/8AWqCy\/wCPyL\/erbHI9aAMr+zJv7yfrR\/Zk395PzrUwPX9aCABzQIoW9g0ZYyRrICOOelU7wBbhlVAmMDANbi8Kaxb\/wD4\/Zfr\/SgYllxdxH\/arYLNj5T9c1jWf\/H1H9a2BQAxpSpwT09qVZ2ZgOv1FRSf6w0Rf6wUAWw4wcjn2rFv\/wDj8kPrj+Va9ZF9\/wAfTfhQB\/\/Z",
                "permalink": "https:\/\/kentronhq.slack.com\/files\/U05TQLV3ZC4\/F0608FN8V1A\/img_1857.png",
                "permalink_public": "https:\/\/slack-files.com\/T05R93T7YDD-F0608FN8V1A-a5abcae0ea",
                "is_starred": false,
                "has_rich_preview": false,
                "file_access": "visible"
            }
        ],
        "upload": false,
        "user": "U05TQLV3ZC4",
        "display_as_bot": false,
        "ts": "1696657973.552609"
    }
]