[
    {
        "client_msg_id": "6fb9e12a-697d-4d31-9c23-43df719764ad",
        "type": "message",
        "text": "<@U05TG4W1YUF> - Do you know any other UI\/UX developer?",
        "user": "U05TQLV3ZC4",
        "ts": "1696571059.818469",
        "blocks": [
            {
                "type": "rich_text",
                "block_id": "g8qOn",
                "elements": [
                    {
                        "type": "rich_text_section",
                        "elements": [
                            {
                                "type": "user",
                                "user_id": "U05TG4W1YUF"
                            },
                            {
                                "type": "text",
                                "text": " - Do you know any other UI\/UX developer?"
                            }
                        ]
                    }
                ]
            }
        ],
        "team": "T05R93T7YDD",
        "user_team": "T05R93T7YDD",
        "source_team": "T05R93T7YDD",
        "user_profile": {
            "avatar_hash": "g625cc5a58df",
            "image_72": "https:\/\/secure.gravatar.com\/avatar\/625cc5a58df870a020f7a9f7070b59a0.jpg?s=72&d=https%3A%2F%2Fa.slack-edge.com%2Fdf10d%2Fimg%2Favatars%2Fava_0007-72.png",
            "first_name": "Satish",
            "real_name": "Satish",
            "display_name": "",
            "team": "T05R93T7YDD",
            "name": "satish",
            "is_restricted": false,
            "is_ultra_restricted": false
        }
    },
    {
        "client_msg_id": "A5EDA9CE-CB43-498C-8B93-7C07F64F763C",
        "type": "message",
        "text": "What happened with tanush?",
        "user": "U05TG4W1YUF",
        "ts": "1696571098.320309",
        "blocks": [
            {
                "type": "rich_text",
                "block_id": "jV7D",
                "elements": [
                    {
                        "type": "rich_text_section",
                        "elements": [
                            {
                                "type": "text",
                                "text": "What happened with tanush?"
                            }
                        ]
                    }
                ]
            }
        ],
        "team": "T05R93T7YDD",
        "user_team": "T05R93T7YDD",
        "source_team": "T05R93T7YDD",
        "user_profile": {
            "avatar_hash": "g22d8fb57edb",
            "image_72": "https:\/\/secure.gravatar.com\/avatar\/22d8fb57edbe9813b22163a51500df62.jpg?s=72&d=https%3A%2F%2Fa.slack-edge.com%2Fdf10d%2Fimg%2Favatars%2Fava_0007-72.png",
            "first_name": "Nikhil",
            "real_name": "Nikhil Kumar",
            "display_name": "",
            "team": "T05R93T7YDD",
            "name": "nikhil993477",
            "is_restricted": true,
            "is_ultra_restricted": true
        }
    },
    {
        "client_msg_id": "A0C2561D-E29F-46B4-AB7F-DE55085E5008",
        "type": "message",
        "text": "I know one more guy ",
        "user": "U05TG4W1YUF",
        "ts": "1696571116.791439",
        "blocks": [
            {
                "type": "rich_text",
                "block_id": "nIJ\/h",
                "elements": [
                    {
                        "type": "rich_text_section",
                        "elements": [
                            {
                                "type": "text",
                                "text": "I know one more guy "
                            }
                        ]
                    }
                ]
            }
        ],
        "team": "T05R93T7YDD",
        "user_team": "T05R93T7YDD",
        "source_team": "T05R93T7YDD",
        "user_profile": {
            "avatar_hash": "g22d8fb57edb",
            "image_72": "https:\/\/secure.gravatar.com\/avatar\/22d8fb57edbe9813b22163a51500df62.jpg?s=72&d=https%3A%2F%2Fa.slack-edge.com%2Fdf10d%2Fimg%2Favatars%2Fava_0007-72.png",
            "first_name": "Nikhil",
            "real_name": "Nikhil Kumar",
            "display_name": "",
            "team": "T05R93T7YDD",
            "name": "nikhil993477",
            "is_restricted": true,
            "is_ultra_restricted": true
        }
    },
    {
        "client_msg_id": "e4784e60-5298-4f70-8b1c-e558d2ebcd04",
        "type": "message",
        "text": "He is extremely SLOW.",
        "user": "U05TQLV3ZC4",
        "ts": "1696572183.929869",
        "blocks": [
            {
                "type": "rich_text",
                "block_id": "ta\/",
                "elements": [
                    {
                        "type": "rich_text_section",
                        "elements": [
                            {
                                "type": "text",
                                "text": "He is extremely SLOW."
                            }
                        ]
                    }
                ]
            }
        ],
        "team": "T05R93T7YDD",
        "user_team": "T05R93T7YDD",
        "source_team": "T05R93T7YDD",
        "user_profile": {
            "avatar_hash": "g625cc5a58df",
            "image_72": "https:\/\/secure.gravatar.com\/avatar\/625cc5a58df870a020f7a9f7070b59a0.jpg?s=72&d=https%3A%2F%2Fa.slack-edge.com%2Fdf10d%2Fimg%2Favatars%2Fava_0007-72.png",
            "first_name": "Satish",
            "real_name": "Satish",
            "display_name": "",
            "team": "T05R93T7YDD",
            "name": "satish",
            "is_restricted": false,
            "is_ultra_restricted": false
        }
    },
    {
        "client_msg_id": "db9a6da1-b3ef-43f0-9c01-33d0d0adda7c",
        "type": "message",
        "text": "If he back out at last minute, we're fucked",
        "user": "U05TQLV3ZC4",
        "ts": "1696572196.358259",
        "blocks": [
            {
                "type": "rich_text",
                "block_id": "01Wv",
                "elements": [
                    {
                        "type": "rich_text_section",
                        "elements": [
                            {
                                "type": "text",
                                "text": "If he back out at last minute, we're fucked"
                            }
                        ]
                    }
                ]
            }
        ],
        "team": "T05R93T7YDD",
        "user_team": "T05R93T7YDD",
        "source_team": "T05R93T7YDD",
        "user_profile": {
            "avatar_hash": "g625cc5a58df",
            "image_72": "https:\/\/secure.gravatar.com\/avatar\/625cc5a58df870a020f7a9f7070b59a0.jpg?s=72&d=https%3A%2F%2Fa.slack-edge.com%2Fdf10d%2Fimg%2Favatars%2Fava_0007-72.png",
            "first_name": "Satish",
            "real_name": "Satish",
            "display_name": "",
            "team": "T05R93T7YDD",
            "name": "satish",
            "is_restricted": false,
            "is_ultra_restricted": false
        }
    },
    {
        "client_msg_id": "addfd488-0897-4055-b65e-8c9fd72553e0",
        "type": "message",
        "text": "any updates on architecture?",
        "user": "U05TQLV3ZC4",
        "ts": "1696572350.295719",
        "blocks": [
            {
                "type": "rich_text",
                "block_id": "wBfG",
                "elements": [
                    {
                        "type": "rich_text_section",
                        "elements": [
                            {
                                "type": "text",
                                "text": "any updates on architecture?"
                            }
                        ]
                    }
                ]
            }
        ],
        "team": "T05R93T7YDD",
        "user_team": "T05R93T7YDD",
        "source_team": "T05R93T7YDD",
        "user_profile": {
            "avatar_hash": "g625cc5a58df",
            "image_72": "https:\/\/secure.gravatar.com\/avatar\/625cc5a58df870a020f7a9f7070b59a0.jpg?s=72&d=https%3A%2F%2Fa.slack-edge.com%2Fdf10d%2Fimg%2Favatars%2Fava_0007-72.png",
            "first_name": "Satish",
            "real_name": "Satish",
            "display_name": "",
            "team": "T05R93T7YDD",
            "name": "satish",
            "is_restricted": false,
            "is_ultra_restricted": false
        }
    },
    {
        "client_msg_id": "D6D1EF36-0436-44E6-AD5F-BFD7872988E1",
        "type": "message",
        "text": "I will meet with him today and will ask to complete UI within a week. ! And I am working on data right now. On GCP. ! Also updated architecture. Let’s have a long call tomorrow to discuss everything. ! And Screens  are important atm. Dunno want to elongate this more than 2 weeks",
        "user": "U05TG4W1YUF",
        "ts": "1696572524.409859",
        "blocks": [
            {
                "type": "rich_text",
                "block_id": "mlcac",
                "elements": [
                    {
                        "type": "rich_text_section",
                        "elements": [
                            {
                                "type": "text",
                                "text": "I will meet with him today and will ask to complete UI within a week. ! And I am working on data right now. On GCP. ! Also updated architecture. "
                            },
                            {
                                "type": "text",
                                "text": "Let’s have"
                            },
                            {
                                "type": "text",
                                "text": " a long call tomorrow to discuss everything. ! And Screens  are important atm. Dunno want to elongate this more than 2 weeks"
                            }
                        ]
                    }
                ]
            }
        ],
        "team": "T05R93T7YDD",
        "user_team": "T05R93T7YDD",
        "source_team": "T05R93T7YDD",
        "user_profile": {
            "avatar_hash": "g22d8fb57edb",
            "image_72": "https:\/\/secure.gravatar.com\/avatar\/22d8fb57edbe9813b22163a51500df62.jpg?s=72&d=https%3A%2F%2Fa.slack-edge.com%2Fdf10d%2Fimg%2Favatars%2Fava_0007-72.png",
            "first_name": "Nikhil",
            "real_name": "Nikhil Kumar",
            "display_name": "",
            "team": "T05R93T7YDD",
            "name": "nikhil993477",
            "is_restricted": true,
            "is_ultra_restricted": true
        }
    },
    {
        "client_msg_id": "7ff5690e-9315-4eaf-b05f-d0ccafed6f4e",
        "type": "message",
        "text": "Please share the link of the architecture doc. I'll setup a meeting for us",
        "user": "U05TQLV3ZC4",
        "ts": "1696572701.621369",
        "blocks": [
            {
                "type": "rich_text",
                "block_id": "l6PV",
                "elements": [
                    {
                        "type": "rich_text_section",
                        "elements": [
                            {
                                "type": "text",
                                "text": "Please share the link of the architecture doc. I'll setup a meeting for us"
                            }
                        ]
                    }
                ]
            }
        ],
        "team": "T05R93T7YDD",
        "user_team": "T05R93T7YDD",
        "source_team": "T05R93T7YDD",
        "user_profile": {
            "avatar_hash": "g625cc5a58df",
            "image_72": "https:\/\/secure.gravatar.com\/avatar\/625cc5a58df870a020f7a9f7070b59a0.jpg?s=72&d=https%3A%2F%2Fa.slack-edge.com%2Fdf10d%2Fimg%2Favatars%2Fava_0007-72.png",
            "first_name": "Satish",
            "real_name": "Satish",
            "display_name": "",
            "team": "T05R93T7YDD",
            "name": "satish",
            "is_restricted": false,
            "is_ultra_restricted": false
        }
    },
    {
        "client_msg_id": "FE3A533B-6FEE-48F0-A468-0C9B7E522541",
        "type": "message",
        "text": "Okay ! I will share. ! Meeting is already there. I guess check your calendar ",
        "user": "U05TG4W1YUF",
        "ts": "1696572746.890339",
        "blocks": [
            {
                "type": "rich_text",
                "block_id": "tgsnV",
                "elements": [
                    {
                        "type": "rich_text_section",
                        "elements": [
                            {
                                "type": "text",
                                "text": "Okay ! I will share. ! Meeting is already there. I guess check your calendar "
                            }
                        ]
                    }
                ]
            }
        ],
        "team": "T05R93T7YDD",
        "user_team": "T05R93T7YDD",
        "source_team": "T05R93T7YDD",
        "user_profile": {
            "avatar_hash": "g22d8fb57edb",
            "image_72": "https:\/\/secure.gravatar.com\/avatar\/22d8fb57edbe9813b22163a51500df62.jpg?s=72&d=https%3A%2F%2Fa.slack-edge.com%2Fdf10d%2Fimg%2Favatars%2Fava_0007-72.png",
            "first_name": "Nikhil",
            "real_name": "Nikhil Kumar",
            "display_name": "",
            "team": "T05R93T7YDD",
            "name": "nikhil993477",
            "is_restricted": true,
            "is_ultra_restricted": true
        }
    },
    {
        "client_msg_id": "52f84ae5-ad43-4f43-9a1f-dd2fb74c314f",
        "type": "message",
        "text": "Let's meet at 10 - 11:30 PM PST",
        "user": "U05TQLV3ZC4",
        "ts": "1696572808.058399",
        "blocks": [
            {
                "type": "rich_text",
                "block_id": "PTi0x",
                "elements": [
                    {
                        "type": "rich_text_section",
                        "elements": [
                            {
                                "type": "text",
                                "text": "Let's meet at 10 - 11:30 PM PST"
                            }
                        ]
                    }
                ]
            }
        ],
        "team": "T05R93T7YDD",
        "user_team": "T05R93T7YDD",
        "source_team": "T05R93T7YDD",
        "user_profile": {
            "avatar_hash": "g625cc5a58df",
            "image_72": "https:\/\/secure.gravatar.com\/avatar\/625cc5a58df870a020f7a9f7070b59a0.jpg?s=72&d=https%3A%2F%2Fa.slack-edge.com%2Fdf10d%2Fimg%2Favatars%2Fava_0007-72.png",
            "first_name": "Satish",
            "real_name": "Satish",
            "display_name": "",
            "team": "T05R93T7YDD",
            "name": "satish",
            "is_restricted": false,
            "is_ultra_restricted": false
        }
    },
    {
        "client_msg_id": "76b9fe88-4ae1-4bef-90b7-6929f839317f",
        "type": "message",
        "text": "Thanks Man",
        "user": "U05TQLV3ZC4",
        "ts": "1696572810.974599",
        "blocks": [
            {
                "type": "rich_text",
                "block_id": "o5O",
                "elements": [
                    {
                        "type": "rich_text_section",
                        "elements": [
                            {
                                "type": "text",
                                "text": "Thanks Man"
                            }
                        ]
                    }
                ]
            }
        ],
        "team": "T05R93T7YDD",
        "user_team": "T05R93T7YDD",
        "source_team": "T05R93T7YDD",
        "user_profile": {
            "avatar_hash": "g625cc5a58df",
            "image_72": "https:\/\/secure.gravatar.com\/avatar\/625cc5a58df870a020f7a9f7070b59a0.jpg?s=72&d=https%3A%2F%2Fa.slack-edge.com%2Fdf10d%2Fimg%2Favatars%2Fava_0007-72.png",
            "first_name": "Satish",
            "real_name": "Satish",
            "display_name": "",
            "team": "T05R93T7YDD",
            "name": "satish",
            "is_restricted": false,
            "is_ultra_restricted": false
        }
    },
    {
        "client_msg_id": "1A3B233D-1588-4A51-A63A-A8F80C2FE196",
        "type": "message",
        "text": "Okay ",
        "user": "U05TG4W1YUF",
        "ts": "1696572825.623539",
        "blocks": [
            {
                "type": "rich_text",
                "block_id": "d5S",
                "elements": [
                    {
                        "type": "rich_text_section",
                        "elements": [
                            {
                                "type": "text",
                                "text": "Okay "
                            }
                        ]
                    }
                ]
            }
        ],
        "team": "T05R93T7YDD",
        "user_team": "T05R93T7YDD",
        "source_team": "T05R93T7YDD",
        "user_profile": {
            "avatar_hash": "g22d8fb57edb",
            "image_72": "https:\/\/secure.gravatar.com\/avatar\/22d8fb57edbe9813b22163a51500df62.jpg?s=72&d=https%3A%2F%2Fa.slack-edge.com%2Fdf10d%2Fimg%2Favatars%2Fava_0007-72.png",
            "first_name": "Nikhil",
            "real_name": "Nikhil Kumar",
            "display_name": "",
            "team": "T05R93T7YDD",
            "name": "nikhil993477",
            "is_restricted": true,
            "is_ultra_restricted": true
        }
    }
]