[
    {
        "client_msg_id": "b92a3803-e295-4312-be1e-30612e4aebe8",
        "type": "message",
        "text": "what are some of the cases where the company has not abided by ediscovery law and its consequences",
        "user": "U05S28X7ETB",
        "ts": "1695252479.336269",
        "blocks": [
            {
                "type": "rich_text",
                "block_id": "qQr",
                "elements": [
                    {
                        "type": "rich_text_section",
                        "elements": [
                            {
                                "type": "text",
                                "text": "what are some of the cases where the company has not abided by ediscovery law and its consequences"
                            }
                        ]
                    }
                ]
            }
        ],
        "team": "T05R93T7YDD",
        "user_team": "T05R93T7YDD",
        "source_team": "T05R93T7YDD",
        "user_profile": {
            "avatar_hash": "g2d717323607",
            "image_72": "https:\/\/secure.gravatar.com\/avatar\/2d71732360714346e11945b4d3b04767.jpg?s=72&d=https%3A%2F%2Fa.slack-edge.com%2Fdf10d%2Fimg%2Favatars%2Fava_0020-72.png",
            "first_name": "Mrunal",
            "real_name": "Mrunal Payagude",
            "display_name": "",
            "team": "T05R93T7YDD",
            "name": "payagude.m",
            "is_restricted": true,
            "is_ultra_restricted": true
        }
    },
    {
        "client_msg_id": "fb8f0d75-d272-4266-a2b6-34ac992c3262",
        "type": "message",
        "text": "try to come up with framework about how i can quickly gain domain expertise of any industry. what are certain terminologgy, business model,",
        "user": "U05S28X7ETB",
        "ts": "1695252638.019209",
        "blocks": [
            {
                "type": "rich_text",
                "block_id": "sGC",
                "elements": [
                    {
                        "type": "rich_text_section",
                        "elements": [
                            {
                                "type": "text",
                                "text": "try to come up with framework about how i can quickly gain domain expertise of any industry. what are certain terminologgy, business model,"
                            }
                        ]
                    }
                ]
            }
        ],
        "team": "T05R93T7YDD",
        "user_team": "T05R93T7YDD",
        "source_team": "T05R93T7YDD",
        "user_profile": {
            "avatar_hash": "g2d717323607",
            "image_72": "https:\/\/secure.gravatar.com\/avatar\/2d71732360714346e11945b4d3b04767.jpg?s=72&d=https%3A%2F%2Fa.slack-edge.com%2Fdf10d%2Fimg%2Favatars%2Fava_0020-72.png",
            "first_name": "Mrunal",
            "real_name": "Mrunal Payagude",
            "display_name": "",
            "team": "T05R93T7YDD",
            "name": "payagude.m",
            "is_restricted": true,
            "is_ultra_restricted": true
        }
    },
    {
        "client_msg_id": "7127d4b4-47ba-48dc-9049-b4f62546d872",
        "type": "message",
        "text": "challenge: what is something that we can do to expedite the knowledge of some business domain",
        "user": "U05S28X7ETB",
        "ts": "1695252667.456459",
        "blocks": [
            {
                "type": "rich_text",
                "block_id": "iqOB3",
                "elements": [
                    {
                        "type": "rich_text_section",
                        "elements": [
                            {
                                "type": "text",
                                "text": "challenge: what is something that we can do to expedite the knowledge of some business domain"
                            }
                        ]
                    }
                ]
            }
        ],
        "team": "T05R93T7YDD",
        "user_team": "T05R93T7YDD",
        "source_team": "T05R93T7YDD",
        "user_profile": {
            "avatar_hash": "g2d717323607",
            "image_72": "https:\/\/secure.gravatar.com\/avatar\/2d71732360714346e11945b4d3b04767.jpg?s=72&d=https%3A%2F%2Fa.slack-edge.com%2Fdf10d%2Fimg%2Favatars%2Fava_0020-72.png",
            "first_name": "Mrunal",
            "real_name": "Mrunal Payagude",
            "display_name": "",
            "team": "T05R93T7YDD",
            "name": "payagude.m",
            "is_restricted": true,
            "is_ultra_restricted": true
        }
    },
    {
        "client_msg_id": "9c5228af-ede0-4912-a23d-2da14b2dc16e",
        "type": "message",
        "text": "100 potential customers by end of next week",
        "user": "U05S28X7ETB",
        "ts": "1695252684.930929",
        "blocks": [
            {
                "type": "rich_text",
                "block_id": "uBL",
                "elements": [
                    {
                        "type": "rich_text_section",
                        "elements": [
                            {
                                "type": "text",
                                "text": "100 potential customers by end of next week"
                            }
                        ]
                    }
                ]
            }
        ],
        "team": "T05R93T7YDD",
        "user_team": "T05R93T7YDD",
        "source_team": "T05R93T7YDD",
        "user_profile": {
            "avatar_hash": "g2d717323607",
            "image_72": "https:\/\/secure.gravatar.com\/avatar\/2d71732360714346e11945b4d3b04767.jpg?s=72&d=https%3A%2F%2Fa.slack-edge.com%2Fdf10d%2Fimg%2Favatars%2Fava_0020-72.png",
            "first_name": "Mrunal",
            "real_name": "Mrunal Payagude",
            "display_name": "",
            "team": "T05R93T7YDD",
            "name": "payagude.m",
            "is_restricted": true,
            "is_ultra_restricted": true
        }
    },
    {
        "client_msg_id": "24237959-1f70-4f98-acfd-b9e09218e610",
        "type": "message",
        "text": "case studies - consequences companies have faced by not following ediscovery laws for ESI - 20-30\ngoogle trend - for searching ediscovery law -  what exactly are people searching",
        "user": "U05S28X7ETB",
        "ts": "1695252933.837149",
        "blocks": [
            {
                "type": "rich_text",
                "block_id": "=2b1",
                "elements": [
                    {
                        "type": "rich_text_section",
                        "elements": [
                            {
                                "type": "text",
                                "text": "case studies - consequences companies have faced by not following ediscovery laws for ESI - 20-30\ngoogle trend - for searching ediscovery law -  what exactly are people searching"
                            }
                        ]
                    }
                ]
            }
        ],
        "team": "T05R93T7YDD",
        "user_team": "T05R93T7YDD",
        "source_team": "T05R93T7YDD",
        "user_profile": {
            "avatar_hash": "g2d717323607",
            "image_72": "https:\/\/secure.gravatar.com\/avatar\/2d71732360714346e11945b4d3b04767.jpg?s=72&d=https%3A%2F%2Fa.slack-edge.com%2Fdf10d%2Fimg%2Favatars%2Fava_0020-72.png",
            "first_name": "Mrunal",
            "real_name": "Mrunal Payagude",
            "display_name": "",
            "team": "T05R93T7YDD",
            "name": "payagude.m",
            "is_restricted": true,
            "is_ultra_restricted": true
        }
    }
]