[
    {
        "type": "message",
        "subtype": "channel_join",
        "ts": "1694350938.283009",
        "user": "U05S28VB3ED",
        "text": "<@U05S28VB3ED> has joined the channel"
    },
    {
        "type": "message",
        "subtype": "channel_join",
        "ts": "1694360669.066539",
        "user": "U05S28X7ETB",
        "text": "<@U05S28X7ETB> has joined the channel"
    },
    {
        "client_msg_id": "78aa3670-790b-4415-8cdc-fc1ce8d0b278",
        "type": "message",
        "text": "<https:\/\/docs.google.com\/spreadsheets\/d\/1tghhGW2wa4WljNgiWShK-E7ZWkoE-iltCgbs9H9A27Y\/edit?usp=sharing>",
        "user": "U05S28VB3ED",
        "ts": "1694379802.144569",
        "blocks": [
            {
                "type": "rich_text",
                "block_id": "Ch6",
                "elements": [
                    {
                        "type": "rich_text_section",
                        "elements": [
                            {
                                "type": "link",
                                "url": "https:\/\/docs.google.com\/spreadsheets\/d\/1tghhGW2wa4WljNgiWShK-E7ZWkoE-iltCgbs9H9A27Y\/edit?usp=sharing"
                            }
                        ]
                    }
                ]
            }
        ],
        "team": "T05R93T7YDD",
        "user_team": "T05R93T7YDD",
        "source_team": "T05R93T7YDD",
        "user_profile": {
            "avatar_hash": "gdecdc160d1f",
            "image_72": "https:\/\/secure.gravatar.com\/avatar\/decdc160d1fb43b4036ae529a277ba4d.jpg?s=72&d=https%3A%2F%2Fa.slack-edge.com%2Fdf10d%2Fimg%2Favatars%2Fava_0002-72.png",
            "first_name": "admin",
            "real_name": "admin",
            "display_name": "",
            "team": "T05R93T7YDD",
            "name": "admin",
            "is_restricted": false,
            "is_ultra_restricted": false
        }
    },
    {
        "client_msg_id": "00a73d70-cd3d-473a-8ff7-ebf46f3af2ce",
        "type": "message",
        "text": "Read: <https:\/\/ediscoverytoday.com\/2022\/09\/12\/smoking-gun-slack-exchange-among-reasons-for-default-judgment-for-defendants-ediscovery-case-law\/>",
        "user": "U05S28VB3ED",
        "ts": "1694384901.474089",
        "blocks": [
            {
                "type": "rich_text",
                "block_id": "n3u+",
                "elements": [
                    {
                        "type": "rich_text_section",
                        "elements": [
                            {
                                "type": "text",
                                "text": "Read: "
                            },
                            {
                                "type": "link",
                                "url": "https:\/\/ediscoverytoday.com\/2022\/09\/12\/smoking-gun-slack-exchange-among-reasons-for-default-judgment-for-defendants-ediscovery-case-law\/"
                            }
                        ]
                    }
                ]
            }
        ],
        "team": "T05R93T7YDD",
        "user_team": "T05R93T7YDD",
        "source_team": "T05R93T7YDD",
        "user_profile": {
            "avatar_hash": "gdecdc160d1f",
            "image_72": "https:\/\/secure.gravatar.com\/avatar\/decdc160d1fb43b4036ae529a277ba4d.jpg?s=72&d=https%3A%2F%2Fa.slack-edge.com%2Fdf10d%2Fimg%2Favatars%2Fava_0002-72.png",
            "first_name": "admin",
            "real_name": "admin",
            "display_name": "",
            "team": "T05R93T7YDD",
            "name": "admin",
            "is_restricted": false,
            "is_ultra_restricted": false
        },
        "attachments": [
            {
                "from_url": "https:\/\/ediscoverytoday.com\/2022\/09\/12\/smoking-gun-slack-exchange-among-reasons-for-default-judgment-for-defendants-ediscovery-case-law\/",
                "ts": 1662982200,
                "image_url": "https:\/\/ediscoverytoday.com\/wp-content\/uploads\/2022\/09\/Gavel-1.png",
                "image_width": 290,
                "image_height": 215,
                "image_bytes": 123817,
                "service_icon": "https:\/\/i0.wp.com\/ediscoverytoday.com\/wp-content\/uploads\/2020\/05\/cropped-cropped-doug.png?fit=180%2C180&amp;ssl=1",
                "id": 1,
                "original_url": "https:\/\/ediscoverytoday.com\/2022\/09\/12\/smoking-gun-slack-exchange-among-reasons-for-default-judgment-for-defendants-ediscovery-case-law\/",
                "fallback": "eDiscovery Today by Doug Austin: Smoking Gun Slack Exchange Helped Lead to Default Judgment",
                "text": "The Court awarded a default judgment sanction for “repeated” discovery misconduct, including failing to produce a smoking gun Slack exchange.",
                "title": "Smoking Gun Slack Exchange Helped Lead to Default Judgment",
                "title_link": "https:\/\/ediscoverytoday.com\/2022\/09\/12\/smoking-gun-slack-exchange-among-reasons-for-default-judgment-for-defendants-ediscovery-case-law\/",
                "service_name": "eDiscovery Today by Doug Austin",
                "fields": [
                    {
                        "value": "Doug Austin",
                        "title": "Written by",
                        "short": true
                    },
                    {
                        "value": "5 minutes",
                        "title": "Est. reading time",
                        "short": true
                    }
                ]
            }
        ]
    },
    {
        "client_msg_id": "b1285800-0562-42e1-8312-9a18a77e1729",
        "type": "message",
        "text": "<https:\/\/app.ediscoveryassistant.com\/case_law\/44460-twitter-inc-v-musk>",
        "user": "U05S28VB3ED",
        "ts": "1694385290.432369",
        "blocks": [
            {
                "type": "rich_text",
                "block_id": "MTg",
                "elements": [
                    {
                        "type": "rich_text_section",
                        "elements": [
                            {
                                "type": "link",
                                "url": "https:\/\/app.ediscoveryassistant.com\/case_law\/44460-twitter-inc-v-musk"
                            }
                        ]
                    }
                ]
            }
        ],
        "team": "T05R93T7YDD",
        "user_team": "T05R93T7YDD",
        "source_team": "T05R93T7YDD",
        "user_profile": {
            "avatar_hash": "gdecdc160d1f",
            "image_72": "https:\/\/secure.gravatar.com\/avatar\/decdc160d1fb43b4036ae529a277ba4d.jpg?s=72&d=https%3A%2F%2Fa.slack-edge.com%2Fdf10d%2Fimg%2Favatars%2Fava_0002-72.png",
            "first_name": "admin",
            "real_name": "admin",
            "display_name": "",
            "team": "T05R93T7YDD",
            "name": "admin",
            "is_restricted": false,
            "is_ultra_restricted": false
        },
        "attachments": [
            {
                "from_url": "https:\/\/app.ediscoveryassistant.com\/case_law\/44460-twitter-inc-v-musk",
                "image_url": "https:\/\/app.ediscoveryassistant.com\/assets\/social-1200x627-b8dba8c45db58450db5a05025f4425580c29c6cd837a4474b8ff2afd0a3c41ac.png",
                "image_width": 1200,
                "image_height": 627,
                "image_bytes": 515109,
                "service_icon": "https:\/\/app.ediscoveryassistant.com\/assets\/favicon-28e5e85e358a1a58b815878dea8c6946e93bbc5ccc268a8df9a072975e5c4de3.ico",
                "id": 1,
                "original_url": "https:\/\/app.ediscoveryassistant.com\/case_law\/44460-twitter-inc-v-musk",
                "fallback": "Twitter, Inc. v. Musk 2022 WL 4095542 (Del Ch. 2022)",
                "text": "Re: Twitter, Inc. v. Elon R. Musk et al C.A. No. 2022-0613-KSJM Court of Chancery of Delaware September 07, 2022 Counsel Peter J. Walsh, Jr., Esquire, Kevin R. Shannon, Esquire, Christopher N. Kell...",
                "title": "Twitter, Inc. v. Musk 2022 WL 4095542 (Del Ch. 2022)",
                "title_link": "https:\/\/app.ediscoveryassistant.com\/case_law\/44460-twitter-inc-v-musk",
                "service_name": "app.ediscoveryassistant.com"
            }
        ]
    }
]