[
    {
        "type": "message",
        "subtype": "channel_join",
        "ts": "1694350526.710629",
        "user": "U05S28VB3ED",
        "text": "<@U05S28VB3ED> has joined the channel"
    },
    {
        "type": "message",
        "subtype": "channel_join",
        "ts": "1694360669.014559",
        "user": "U05S28X7ETB",
        "text": "<@U05S28X7ETB> has joined the channel"
    },
    {
        "type": "message",
        "subtype": "channel_join",
        "ts": "1694402242.037559",
        "user": "U05RA88PCPR",
        "text": "<@U05RA88PCPR> has joined the channel"
    }
]