[
    {
        "client_msg_id": "14e58e11-3725-449a-a67c-442e8c76a3d7",
        "type": "message",
        "text": "350+ Product Management Questions: <https:\/\/mazedesign.notion.site\/69479454c71a48c49dae6e4f8406bd9a?v=eeb8b6ff563c4f47a69a70ccd5d36c56>",
        "user": "U05RA88PCPR",
        "ts": "1695021951.132039",
        "blocks": [
            {
                "type": "rich_text",
                "block_id": "JLt",
                "elements": [
                    {
                        "type": "rich_text_section",
                        "elements": [
                            {
                                "type": "text",
                                "text": "350+ Product Management Questions: "
                            },
                            {
                                "type": "link",
                                "url": "https:\/\/mazedesign.notion.site\/69479454c71a48c49dae6e4f8406bd9a?v=eeb8b6ff563c4f47a69a70ccd5d36c56"
                            }
                        ]
                    }
                ]
            }
        ],
        "team": "T05R93T7YDD",
        "user_team": "T05R93T7YDD",
        "source_team": "T05R93T7YDD",
        "user_profile": {
            "avatar_hash": "g931db43d4a6",
            "image_72": "https:\/\/secure.gravatar.com\/avatar\/931db43d4a6d897e598ead70ddaf1428.jpg?s=72&d=https%3A%2F%2Fa.slack-edge.com%2Fdf10d%2Fimg%2Favatars%2Fava_0008-72.png",
            "first_name": "Deactivate",
            "real_name": "Deactivate",
            "display_name": "",
            "team": "T05R93T7YDD",
            "name": "sam",
            "is_restricted": false,
            "is_ultra_restricted": false
        },
        "attachments": [
            {
                "image_url": "https:\/\/mazedesign.notion.site\/image\/https%3A%2F%2Fs3-us-west-2.amazonaws.com%2Fsecure.notion-static.com%2F7d35a3c3-030a-48d3-aaab-972c760cad4c%2Fnotion_upload_qbank.png?table=collection&id=19c3678d-111e-4eda-bdda-53089ea3b374&spaceId=23962d96-216b-4ef1-84e0-639dd375bcb4&width=2000&userId=&cache=v2",
                "image_width": 2000,
                "image_height": 943,
                "image_bytes": 431995,
                "from_url": "https:\/\/mazedesign.notion.site\/69479454c71a48c49dae6e4f8406bd9a?v=eeb8b6ff563c4f47a69a70ccd5d36c56",
                "id": 1,
                "original_url": "https:\/\/mazedesign.notion.site\/69479454c71a48c49dae6e4f8406bd9a?v=eeb8b6ff563c4f47a69a70ccd5d36c56",
                "fallback": "Maze on Notion: Maze Question Bank",
                "text": "Legend\nQuestion - full question including [fill in the blanks] for customization of factors like company, product, service, etc. \nTags - the broadest level taxonomy in relation to the question's noun, or subject matter objects, these are the real-world objects in a user's mental model that the question refers to.\nScenarios - the second level of taxonomy and in relationship with Tags, these uncover the core contents of the question's subject matter.\nSample Responses- indicated by yes\/no if sample response answers are included.\nFollow-up Questions - indicated by yes\/no if follow up questions are included.\nMaze Block - suggested test blocks best suited for the question in Maze.\nMaze Template - cited template name and link if the question is included in a Maze template.\n\nViews\nDefault view - see full database of questions without any filters applied.\nBoard view - see full database of questions grouped by Tags and Scenarios.\n\n:sparkles: Pro tip \nFor guidance on how to ask effective questions in user research, and how best to use this resource, check out our handy YouTube video here. \n\nMade with love by Maze :blue_heart:",
                "title": "Maze Question Bank",
                "title_link": "https:\/\/mazedesign.notion.site\/69479454c71a48c49dae6e4f8406bd9a?v=eeb8b6ff563c4f47a69a70ccd5d36c56",
                "service_name": "Maze on Notion"
            }
        ]
    },
    {
        "client_msg_id": "00be89f6-61d9-426c-b70b-b28328652ae7",
        "type": "message",
        "text": "thank you!",
        "user": "U05S28X7ETB",
        "ts": "1695081436.754849",
        "blocks": [
            {
                "type": "rich_text",
                "block_id": "K+5N",
                "elements": [
                    {
                        "type": "rich_text_section",
                        "elements": [
                            {
                                "type": "text",
                                "text": "thank you!"
                            }
                        ]
                    }
                ]
            }
        ],
        "team": "T05R93T7YDD",
        "user_team": "T05R93T7YDD",
        "source_team": "T05R93T7YDD",
        "user_profile": {
            "avatar_hash": "g2d717323607",
            "image_72": "https:\/\/secure.gravatar.com\/avatar\/2d71732360714346e11945b4d3b04767.jpg?s=72&d=https%3A%2F%2Fa.slack-edge.com%2Fdf10d%2Fimg%2Favatars%2Fava_0020-72.png",
            "first_name": "Mrunal",
            "real_name": "Mrunal Payagude",
            "display_name": "",
            "team": "T05R93T7YDD",
            "name": "payagude.m",
            "is_restricted": true,
            "is_ultra_restricted": true
        },
        "reactions": [
            {
                "name": "+1",
                "users": [
                    "U05RA88PCPR"
                ],
                "count": 1
            }
        ]
    }
]