[
    {
        "type": "message",
        "text": "",
        "user": "USLACKBOT",
        "channel": "D05S3DAUDU1",
        "room": {
            "id": "R05TB7J1CS0",
            "name": "",
            "media_server": "",
            "created_by": "U05RA88PCPR",
            "date_start": 1695252009,
            "date_end": 1695252983,
            "participants": [],
            "participant_history": [
                "U05RA88PCPR",
                "U05S28X7ETB"
            ],
            "participants_camera_on": [],
            "participants_camera_off": [],
            "participants_screenshare_on": [],
            "participants_screenshare_off": [],
            "canvas_thread_ts": "1695252009.971569",
            "thread_root_ts": "1695252009.971569",
            "channels": [
                "D05S3DAUDU1"
            ],
            "is_dm_call": true,
            "was_rejected": false,
            "was_missed": false,
            "was_accepted": true,
            "has_ended": true,
            "background_id": "A_WALK_IN_THE_FOREST",
            "canvas_background": "A_WALK_IN_THE_FOREST",
            "is_prewarmed": false,
            "is_scheduled": false,
            "attached_file_ids": [],
            "media_backend_type": "free_willy",
            "display_id": "",
            "external_unique_id": "451c3824-939e-4133-bd2a-245112580706",
            "app_id": "A00",
            "call_family": "huddle",
            "pending_invitees": {}
        },
        "no_notifications": true,
        "permalink": "https:\/\/kentronhq.slack.com\/call\/R05TB7J1CS0",
        "subtype": "huddle_thread",
        "ts": "1695252009.971569",
        "blocks": [
            {
                "type": "rich_text",
                "block_id": "J+u",
                "elements": [
                    {
                        "type": "rich_text_section",
                        "elements": [
                            {
                                "type": "text",
                                "text": "A huddle started"
                            }
                        ]
                    }
                ]
            }
        ],
        "team": "T05R93T7YDD",
        "user_team": "T05R93T7YDD",
        "source_team": "T05R93T7YDD",
        "user_profile": {
            "avatar_hash": "sv41d8cd98f0",
            "image_72": "https:\/\/a.slack-edge.com\/80588\/img\/slackbot_72.png",
            "first_name": "slackbot",
            "real_name": "Slackbot",
            "display_name": "Slackbot",
            "team": "T05R93T7YDD",
            "name": "slackbot",
            "is_restricted": false,
            "is_ultra_restricted": false
        }
    },
    {
        "client_msg_id": "f1ea351f-4d82-4cc4-99ad-d9706e786d5f",
        "type": "message",
        "text": "_Zubulake v. UBS Warburg L.L.C._ (“_Zubulake V_”)U.S. District Court, Southern District of New YorkMay 2004‍_Zubulake_ is the mother of eDiscovery case law. This was not the first case to mandate parties make a reasonable inquiry to identify likely custodians or sources of information. However, <https:\/\/www.logikcull.com\/blog\/judge-scheindlin-proportionality-technology-future-discovery|Judge Shira Scheindlin> wrote a series of long, detailed opinions with detailed balancing tests that were so thoughtful, complete, and persuasive that the issue was no longer possible to ignore. The defendants initially argued that recovering and reviewing ESI from backup tapes would be too expensive. Judge Scheindlin's seven-factor test compelled the defendants to produce the evidence, although the costs of recovery and review of the emails were shared by both parties",
        "user": "U05RA88PCPR",
        "ts": "1695252706.852039",
        "blocks": [
            {
                "type": "rich_text",
                "block_id": "QDKs",
                "elements": [
                    {
                        "type": "rich_text_section",
                        "elements": [
                            {
                                "type": "text",
                                "text": "Zubulake v. UBS Warburg L.L.C.",
                                "style": {
                                    "italic": true
                                }
                            },
                            {
                                "type": "text",
                                "text": " (“"
                            },
                            {
                                "type": "text",
                                "text": "Zubulake V",
                                "style": {
                                    "italic": true
                                }
                            },
                            {
                                "type": "text",
                                "text": "”)U.S. District Court, Southern District of New YorkMay 2004‍"
                            },
                            {
                                "type": "text",
                                "text": "Zubulake",
                                "style": {
                                    "italic": true
                                }
                            },
                            {
                                "type": "text",
                                "text": " is the mother of eDiscovery case law. This was not the first case to mandate parties make a reasonable inquiry to identify likely custodians or sources of information. However, "
                            },
                            {
                                "type": "link",
                                "url": "https:\/\/www.logikcull.com\/blog\/judge-scheindlin-proportionality-technology-future-discovery",
                                "text": "Judge Shira Scheindlin"
                            },
                            {
                                "type": "text",
                                "text": " wrote a series of long, detailed opinions with detailed balancing tests that were so thoughtful, complete, and persuasive that the issue was no longer possible to ignore. The defendants initially argued that recovering and reviewing ESI from backup tapes would be too expensive. Judge Scheindlin's seven-factor test compelled the defendants to produce the evidence, although the costs of recovery and review of the emails were shared by both parties"
                            }
                        ]
                    }
                ]
            }
        ],
        "team": "T05R93T7YDD",
        "user_team": "T05R93T7YDD",
        "source_team": "T05R93T7YDD",
        "user_profile": {
            "avatar_hash": "g931db43d4a6",
            "image_72": "https:\/\/secure.gravatar.com\/avatar\/931db43d4a6d897e598ead70ddaf1428.jpg?s=72&d=https%3A%2F%2Fa.slack-edge.com%2Fdf10d%2Fimg%2Favatars%2Fava_0008-72.png",
            "first_name": "Deactivate",
            "real_name": "Deactivate",
            "display_name": "",
            "team": "T05R93T7YDD",
            "name": "sam",
            "is_restricted": false,
            "is_ultra_restricted": false
        },
        "attachments": [
            {
                "from_url": "https:\/\/www.logikcull.com\/blog\/judge-scheindlin-proportionality-technology-future-discovery",
                "image_url": "https:\/\/assets-global.website-files.com\/63b7152f92a121295976e6ed\/63c57b98f324b61e8d67e075_61041ac7fb5ec6d5b8b3bd92_Shira_Sheindlin_MH.jpeg",
                "image_width": 1280,
                "image_height": 380,
                "image_bytes": 68364,
                "id": 1,
                "original_url": "https:\/\/www.logikcull.com\/blog\/judge-scheindlin-proportionality-technology-future-discovery",
                "fallback": "Judge Scheindlin on Proportionality, Technology, and the Future of Discovery",
                "text": "Few people have had as much of an impact on modern eDiscovery as Judge Shira A. Scheindlin. As District Judge for the Southern",
                "title": "Judge Scheindlin on Proportionality, Technology, and the Future of Discovery",
                "title_link": "https:\/\/www.logikcull.com\/blog\/judge-scheindlin-proportionality-technology-future-discovery",
                "service_name": "logikcull.com"
            }
        ]
    },
    {
        "client_msg_id": "67b58da9-08a3-4b20-a83f-6f6b349fc26d",
        "type": "message",
        "text": "_Victor Stanley Inc. v. Creative Pipe Inc._U.S. District Court, District of MarylandMay 2008Victor Stanley sued Creative Pipe for copyright and patent infringement over the design of an end frame for a park bench. U.S. Magistrate Judge Paul Grimm ruled Creative Pipe had waived <https:\/\/www.logikcull.com\/blog\/video-how-automatic-privilege-tagging-can-save-you-from-discovery-disasters?utm_medium=direct&amp;utm_source=guidechap2|attorney-client privilege> when it inadvertently produced several electronic documents. Grimm found Creative Pipe waived the privilege because it had failed to work out a privilege search protocol with the opposition, it had declined to use <https:\/\/www.logikcull.com\/blog\/a-clawback-agreement-cant-save-botched-privilege-review?utm_medium=direct&amp;utm_source=guidechap2|a “clawback” agreement>, and it had not proven that its search process for privileged documents was reasonable. As such, Grimm deemed the documents to have been voluntarily disclosed. Victor Stanley prevailed at trial in September 2011, winning more than $2 million in damages and more than $1 million in a monetary sanction against Creative Pipe for destroying electronic evidence. The verdict was upheld on appeal in February 2013",
        "user": "U05RA88PCPR",
        "ts": "1695252773.394359",
        "blocks": [
            {
                "type": "rich_text",
                "block_id": "C++",
                "elements": [
                    {
                        "type": "rich_text_section",
                        "elements": [
                            {
                                "type": "text",
                                "text": "Victor Stanley Inc. v. Creative Pipe Inc.",
                                "style": {
                                    "italic": true
                                }
                            },
                            {
                                "type": "text",
                                "text": "U.S. District Court, District of MarylandMay 2008Victor Stanley sued Creative Pipe for copyright and patent infringement over the design of an end frame for a park bench. U.S. Magistrate Judge Paul Grimm ruled Creative Pipe had waived "
                            },
                            {
                                "type": "link",
                                "url": "https:\/\/www.logikcull.com\/blog\/video-how-automatic-privilege-tagging-can-save-you-from-discovery-disasters?utm_medium=direct&utm_source=guidechap2",
                                "text": "attorney-client privilege"
                            },
                            {
                                "type": "text",
                                "text": " when it inadvertently produced several electronic documents. Grimm found Creative Pipe waived the privilege because it had failed to work out a privilege search protocol with the opposition, it had declined to use "
                            },
                            {
                                "type": "link",
                                "url": "https:\/\/www.logikcull.com\/blog\/a-clawback-agreement-cant-save-botched-privilege-review?utm_medium=direct&utm_source=guidechap2",
                                "text": "a “clawback” agreement"
                            },
                            {
                                "type": "text",
                                "text": ", and it had not proven that its search process for privileged documents was reasonable. As such, Grimm deemed the documents to have been voluntarily disclosed. Victor Stanley prevailed at trial in September 2011, winning more than $2 million in damages and more than $1 million in a monetary sanction against Creative Pipe for destroying electronic evidence. The verdict was upheld on appeal in February 2013"
                            }
                        ]
                    }
                ]
            }
        ],
        "team": "T05R93T7YDD",
        "user_team": "T05R93T7YDD",
        "source_team": "T05R93T7YDD",
        "user_profile": {
            "avatar_hash": "g931db43d4a6",
            "image_72": "https:\/\/secure.gravatar.com\/avatar\/931db43d4a6d897e598ead70ddaf1428.jpg?s=72&d=https%3A%2F%2Fa.slack-edge.com%2Fdf10d%2Fimg%2Favatars%2Fava_0008-72.png",
            "first_name": "Deactivate",
            "real_name": "Deactivate",
            "display_name": "",
            "team": "T05R93T7YDD",
            "name": "sam",
            "is_restricted": false,
            "is_ultra_restricted": false
        },
        "attachments": [
            {
                "from_url": "https:\/\/www.logikcull.com\/blog\/video-how-automatic-privilege-tagging-can-save-you-from-discovery-disasters?utm_medium=direct&utm_source=guidechap2",
                "image_url": "https:\/\/assets-global.website-files.com\/63b7152f92a121295976e6ed\/63c578375782434742249668_610419ff71de8a29961f1dde_Papes.jpeg",
                "image_width": 1230,
                "image_height": 379,
                "image_bytes": 35794,
                "id": 1,
                "original_url": "https:\/\/www.logikcull.com\/blog\/video-how-automatic-privilege-tagging-can-save-you-from-discovery-disasters?utm_medium=direct&amp;utm_source=guidechap2",
                "fallback": "Video: How Automatic Privilege Tagging Can Save You From Discovery Disasters",
                "text": "No one wants to inadvertently produce a privileged document during discovery, yet it happens all the time-often with disastrous",
                "title": "Video: How Automatic Privilege Tagging Can Save You From Discovery Disasters",
                "title_link": "https:\/\/www.logikcull.com\/blog\/video-how-automatic-privilege-tagging-can-save-you-from-discovery-disasters?utm_medium=direct&utm_source=guidechap2",
                "service_name": "logikcull.com"
            },
            {
                "from_url": "https:\/\/www.logikcull.com\/blog\/a-clawback-agreement-cant-save-botched-privilege-review?utm_medium=direct&utm_source=guidechap2",
                "image_url": "https:\/\/assets-global.website-files.com\/63b7152f92a121295976e6ed\/63c57b6ca048a83b12a6bd0a_61041a3e6509b00c262fbfba_Claws.jpeg",
                "image_width": 1230,
                "image_height": 380,
                "image_bytes": 107469,
                "id": 2,
                "original_url": "https:\/\/www.logikcull.com\/blog\/a-clawback-agreement-cant-save-botched-privilege-review?utm_medium=direct&amp;utm_source=guidechap2",
                "fallback": "A Clawback Agreement Can't Save Botched Privilege Review",
                "text": "You're beginning discovery on a case. When you meet with opposing counsel, you both agree that a formal 502(d) court order isn't",
                "title": "A Clawback Agreement Can't Save Botched Privilege Review",
                "title_link": "https:\/\/www.logikcull.com\/blog\/a-clawback-agreement-cant-save-botched-privilege-review?utm_medium=direct&utm_source=guidechap2",
                "service_name": "logikcull.com"
            }
        ]
    }
]