[
    {
        "type": "message",
        "text": "<https:\/\/docs.google.com\/spreadsheets\/d\/1tghhGW2wa4WljNgiWShK-E7ZWkoE-iltCgbs9H9A27Y\/edit#gid=495813042>",
        "user": "U05S28VB3ED",
        "ts": "1694383663.217619",
        "blocks": [
            {
                "type": "rich_text",
                "block_id": "xfzOC",
                "elements": [
                    {
                        "type": "rich_text_section",
                        "elements": [
                            {
                                "type": "link",
                                "url": "https:\/\/docs.google.com\/spreadsheets\/d\/1tghhGW2wa4WljNgiWShK-E7ZWkoE-iltCgbs9H9A27Y\/edit#gid=495813042"
                            }
                        ]
                    }
                ]
            }
        ],
        "team": "T05R93T7YDD",
        "user_team": "T05R93T7YDD",
        "source_team": "T05R93T7YDD",
        "user_profile": {
            "avatar_hash": "gdecdc160d1f",
            "image_72": "https:\/\/secure.gravatar.com\/avatar\/decdc160d1fb43b4036ae529a277ba4d.jpg?s=72&d=https%3A%2F%2Fa.slack-edge.com%2Fdf10d%2Fimg%2Favatars%2Fava_0002-72.png",
            "first_name": "admin",
            "real_name": "admin",
            "display_name": "",
            "team": "T05R93T7YDD",
            "name": "admin",
            "is_restricted": false,
            "is_ultra_restricted": false
        },
        "subtype": "document_unfurl",
        "document_unfurl": {
            "is_unfurled": true,
            "canvas_unfurl_state": "maybe_app_install_ask_sent"
        }
    }
]