[
{"id":"F05TUBQF29M","created":1695868184,"name":"Important_links","title":"Important links","mimetype":"application\/vnd.slack-docs","filetype":"quip","pretty_type":"Canvas","user":"USLACKBOT","editable":true,"size":168,"mode":"quip","is_public":false,"is_tombstoned":false,"public_url_shared":false,"date_delete":0,"url_private_download":"https:\/\/files.slack.com\/files-pri\/T05R93T7YDD-F05TUBQF29M\/download\/canvas?t=xoxe-5859129270455-6055085776481-6055085969137-dd15bf92da5787bbb1df770b9954eb00","shares":[{"team":"T05R93T7YDD","channel":"D05TQLV4CA0"}],"export_timestamp":1697434857},
{"id":"F05SCLAJUP2","created":1694352133,"name":"Something_that_needs_to_get","title":"Something that needs to get","mimetype":"application\/vnd.slack-docs","filetype":"quip","pretty_type":"Canvas","user":"USLACKBOT","editable":true,"size":0,"mode":"quip","is_public":true,"is_tombstoned":false,"public_url_shared":false,"date_delete":0,"url_private_download":"https:\/\/files.slack.com\/files-pri\/T05R93T7YDD-F05SCLAJUP2\/download\/canvas?t=xoxe-5859129270455-6055085776481-6055085969137-dd15bf92da5787bbb1df770b9954eb00","shares":[{"team":"T05R93T7YDD","channel":"C05SCKCMV5E"}],"export_timestamp":1697434858},
{"id":"F061GBBLMQ8","created":1697084607,"name":"Technical_References","title":"Technical References","mimetype":"application\/vnd.slack-docs","filetype":"quip","pretty_type":"Canvas","user":"USLACKBOT","editable":true,"size":479,"mode":"quip","is_public":false,"is_tombstoned":false,"public_url_shared":false,"date_delete":0,"url_private_download":"https:\/\/files.slack.com\/files-pri\/T05R93T7YDD-F061GBBLMQ8\/download\/canvas?t=xoxe-5859129270455-6055085776481-6055085969137-dd15bf92da5787bbb1df770b9954eb00","shares":[{"team":"T05R93T7YDD","channel":"C05TTC0DAJ1"}],"export_timestamp":1697434858},
{"id":"F05RSJWSZ1A","created":1694379722,"name":"https___docs_google_com_spreadsheets_d_1tghhGW2wa4WljNgiWShK-E7ZWkoE-iltCgbs9H9A27Y_edit_gid_495813042","title":"https:\/\/docs.google.com\/spreadsheets\/d\/1tghhGW2wa4WljNgiWShK-E7ZWkoE-iltCgbs9H9A27Y\/edit#gid=495813042","mimetype":"application\/vnd.slack-docs","filetype":"quip","pretty_type":"Canvas","user":"USLACKBOT","editable":true,"size":206,"mode":"quip","is_public":false,"is_tombstoned":false,"public_url_shared":false,"date_delete":0,"url_private_download":"https:\/\/files.slack.com\/files-pri\/T05R93T7YDD-F05RSJWSZ1A\/download\/canvas?t=xoxe-5859129270455-6055085776481-6055085969137-dd15bf92da5787bbb1df770b9954eb00","shares":[{"team":"T05R93T7YDD","channel":"C05RS3LBMJQ"}],"export_timestamp":1697434858}
]