[
{
    "id": "D05RLN07QS1",
    "created": 1694350530,
    "members": [
        "U05S28VB3ED",
        "U05S28X7ETB"
    ]
},
{
    "id": "D05RQM36TK5",
    "created": 1694402242,
    "members": [
        "U05RA88PCPR",
        "U05S28VB3ED"
    ]
},
{
    "id": "D05RS3C1CQL",
    "created": 1694350529,
    "members": [
        "U05S28X7ETB",
        "U05S28X7ETB"
    ]
},
{
    "id": "D05S3DAUDU1",
    "created": 1694402242,
    "members": [
        "U05RA88PCPR",
        "U05S28X7ETB"
    ]
},
{
    "id": "D05TG4VRWK1",
    "created": 1695705699,
    "members": [
        "U05RA88PCPR",
        "U05TTNUB27P"
    ]
},
{
    "id": "D05TG4W0S79",
    "created": 1695705702,
    "members": [
        "U05S28VB3ED",
        "U05TZ4E0G5A"
    ]
},
{
    "id": "D05TG4W2TE3",
    "created": 1695705703,
    "members": [
        "U05TG4W1YUF",
        "U05TQLV3ZC4"
    ]
},
{
    "id": "D05TN4S07BM",
    "created": 1695495381,
    "members": [
        "U05RA88PCPR",
        "U05TQLV3ZC4"
    ]
},
{
    "id": "D05TN7MPDDY",
    "created": 1695495381,
    "members": [
        "U05S28VB3ED",
        "U05TQLV3ZC4"
    ]
},
{
    "id": "D05TQ1PFQ22",
    "created": 1695705699,
    "members": [
        "U05S28X7ETB",
        "U05TTNUB27P"
    ]
},
{
    "id": "D05TQ1PN0DU",
    "created": 1695705703,
    "members": [
        "U05S28X7ETB",
        "U05TG4W1YUF"
    ]
},
{
    "id": "D05TQLV4CA0",
    "created": 1695495381,
    "members": [
        "U05S28X7ETB",
        "U05TQLV3ZC4"
    ]
},
{
    "id": "D05TTNUKDPX",
    "created": 1695705703,
    "members": [
        "U05RA88PCPR",
        "U05TG4W1YUF"
    ]
},
{
    "id": "D05TWHQQENP",
    "created": 1695705702,
    "members": [
        "U05TQLV3ZC4",
        "U05TZ4E0G5A"
    ]
},
{
    "id": "D05TWHQSF51",
    "created": 1695705704,
    "members": [
        "U05TG4W1YUF",
        "U05TZ4E0G5A"
    ]
},
{
    "id": "D05TWLL9KH8",
    "created": 1695705699,
    "members": [
        "U05TQLV3ZC4",
        "U05TTNUB27P"
    ]
},
{
    "id": "D05TWLLFXMY",
    "created": 1695705703,
    "members": [
        "U05TG4W1YUF",
        "U05TTNUB27P"
    ]
},
{
    "id": "D05TZ4DRX5J",
    "created": 1695705698,
    "members": [
        "U05TTNUB27P",
        "U05TTNUB27P"
    ]
},
{
    "id": "D05TZ4E23GC",
    "created": 1695705702,
    "members": [
        "U05S28X7ETB",
        "U05TZ4E0G5A"
    ]
},
{
    "id": "D05U99YMCSD",
    "created": 1695705698,
    "members": [
        "U05S28VB3ED",
        "U05TTNUB27P"
    ]
},
{
    "id": "D05U99YTRL1",
    "created": 1695705703,
    "members": [
        "U05S28VB3ED",
        "U05TG4W1YUF"
    ]
},
{
    "id": "D05UB7G6NDN",
    "created": 1695495380,
    "members": [
        "U05TQLV3ZC4",
        "USLACKBOT"
    ]
},
{
    "id": "D05UKLESCDN",
    "created": 1695705702,
    "members": [
        "U05RA88PCPR",
        "U05TZ4E0G5A"
    ]
},
{
    "id": "D05UKLETLP2",
    "created": 1695705703,
    "members": [
        "U05TG4W1YUF",
        "U05TG4W1YUF"
    ]
}
]