[
{
    "id": "C05RS3LBMJQ",
    "name": "proj-ediscovery-by-region",
    "created": 1694350938,
    "creator": "U05S28VB3ED",
    "is_archived": false,
    "members": [
        "U05S28X7ETB",
        "U05TQLV3ZC4"
    ],
    "topic": {
        "value": "",
        "creator": "",
        "last_set": 0
    },
    "purpose": {
        "value": "",
        "creator": "",
        "last_set": 0
    }
},
{
    "id": "C05TTC0DAJ1",
    "name": "dev-team",
    "created": 1695696825,
    "creator": "U05RA88PCPR",
    "is_archived": false,
    "members": [
        "U05TG4W1YUF",
        "U05TQLV3ZC4",
        "U05TTNUB27P",
        "U05TZ4E0G5A",
        "U05V4DFEHS8"
    ],
    "topic": {
        "value": "",
        "creator": "",
        "last_set": 0
    },
    "purpose": {
        "value": "",
        "creator": "",
        "last_set": 0
    }
}
]