[
{"id":"U05RA88PCPR","team_id":"T05R93T7YDD","name":"sam","deleted":true,"profile":{"title":"","phone":"","skype":"","real_name":"Deactivate","real_name_normalized":"Deactivate","display_name":"","display_name_normalized":"","fields":{},"status_text":"","status_emoji":"","status_emoji_display_info":[],"status_expiration":0,"avatar_hash":"g931db43d4a6","email":"sam@kentron.ai","huddle_state":"default_unset","huddle_state_expiration_ts":0,"first_name":"Deactivate","last_name":"","image_24":"https:\/\/secure.gravatar.com\/avatar\/931db43d4a6d897e598ead70ddaf1428.jpg?s=24&d=https%3A%2F%2Fa.slack-edge.com%2Fdf10d%2Fimg%2Favatars%2Fava_0008-24.png","image_32":"https:\/\/secure.gravatar.com\/avatar\/931db43d4a6d897e598ead70ddaf1428.jpg?s=32&d=https%3A%2F%2Fa.slack-edge.com%2Fdf10d%2Fimg%2Favatars%2Fava_0008-32.png","image_48":"https:\/\/secure.gravatar.com\/avatar\/931db43d4a6d897e598ead70ddaf1428.jpg?s=48&d=https%3A%2F%2Fa.slack-edge.com%2Fdf10d%2Fimg%2Favatars%2Fava_0008-48.png","image_72":"https:\/\/secure.gravatar.com\/avatar\/931db43d4a6d897e598ead70ddaf1428.jpg?s=72&d=https%3A%2F%2Fa.slack-edge.com%2Fdf10d%2Fimg%2Favatars%2Fava_0008-72.png","image_192":"https:\/\/secure.gravatar.com\/avatar\/931db43d4a6d897e598ead70ddaf1428.jpg?s=192&d=https%3A%2F%2Fa.slack-edge.com%2Fdf10d%2Fimg%2Favatars%2Fava_0008-192.png","image_512":"https:\/\/secure.gravatar.com\/avatar\/931db43d4a6d897e598ead70ddaf1428.jpg?s=512&d=https%3A%2F%2Fa.slack-edge.com%2Fdf10d%2Fimg%2Favatars%2Fava_0008-512.png","status_text_canonical":"","team":"T05R93T7YDD"},"is_bot":false,"is_app_user":false,"updated":1696562517},
{"id":"U05S28VB3ED","team_id":"T05R93T7YDD","name":"admin","deleted":true,"profile":{"title":"","phone":"","skype":"","real_name":"admin","real_name_normalized":"admin","display_name":"","display_name_normalized":"","fields":{},"status_text":"","status_emoji":"","status_emoji_display_info":[],"status_expiration":0,"avatar_hash":"gdecdc160d1f","email":"admin@kentron.ai","first_name":"admin","last_name":"","image_24":"https:\/\/secure.gravatar.com\/avatar\/decdc160d1fb43b4036ae529a277ba4d.jpg?s=24&d=https%3A%2F%2Fa.slack-edge.com%2Fdf10d%2Fimg%2Favatars%2Fava_0002-24.png","image_32":"https:\/\/secure.gravatar.com\/avatar\/decdc160d1fb43b4036ae529a277ba4d.jpg?s=32&d=https%3A%2F%2Fa.slack-edge.com%2Fdf10d%2Fimg%2Favatars%2Fava_0002-32.png","image_48":"https:\/\/secure.gravatar.com\/avatar\/decdc160d1fb43b4036ae529a277ba4d.jpg?s=48&d=https%3A%2F%2Fa.slack-edge.com%2Fdf10d%2Fimg%2Favatars%2Fava_0002-48.png","image_72":"https:\/\/secure.gravatar.com\/avatar\/decdc160d1fb43b4036ae529a277ba4d.jpg?s=72&d=https%3A%2F%2Fa.slack-edge.com%2Fdf10d%2Fimg%2Favatars%2Fava_0002-72.png","image_192":"https:\/\/secure.gravatar.com\/avatar\/decdc160d1fb43b4036ae529a277ba4d.jpg?s=192&d=https%3A%2F%2Fa.slack-edge.com%2Fdf10d%2Fimg%2Favatars%2Fava_0002-192.png","image_512":"https:\/\/secure.gravatar.com\/avatar\/decdc160d1fb43b4036ae529a277ba4d.jpg?s=512&d=https%3A%2F%2Fa.slack-edge.com%2Fdf10d%2Fimg%2Favatars%2Fava_0002-512.png","status_text_canonical":"","team":"T05R93T7YDD"},"is_bot":false,"is_app_user":false,"updated":1696562497},
{"id":"U05S28X7ETB","team_id":"T05R93T7YDD","name":"payagude.m","deleted":false,"color":"4bbe2e","real_name":"Mrunal Payagude","tz":"America\/Los_Angeles","tz_label":"Pacific Daylight Time","tz_offset":-25200,"profile":{"title":"","phone":"","skype":"","real_name":"Mrunal Payagude","real_name_normalized":"Mrunal Payagude","display_name":"","display_name_normalized":"","fields":{},"status_text":"","status_emoji":"","status_emoji_display_info":[],"status_expiration":0,"avatar_hash":"g2d717323607","guest_invited_by":"U05TQLV3ZC4","email":"payagude.m@northeastern.edu","huddle_state":"default_unset","huddle_state_expiration_ts":1695940613,"first_name":"Mrunal","last_name":"Payagude","image_24":"https:\/\/secure.gravatar.com\/avatar\/2d71732360714346e11945b4d3b04767.jpg?s=24&d=https%3A%2F%2Fa.slack-edge.com%2Fdf10d%2Fimg%2Favatars%2Fava_0020-24.png","image_32":"https:\/\/secure.gravatar.com\/avatar\/2d71732360714346e11945b4d3b04767.jpg?s=32&d=https%3A%2F%2Fa.slack-edge.com%2Fdf10d%2Fimg%2Favatars%2Fava_0020-32.png","image_48":"https:\/\/secure.gravatar.com\/avatar\/2d71732360714346e11945b4d3b04767.jpg?s=48&d=https%3A%2F%2Fa.slack-edge.com%2Fdf10d%2Fimg%2Favatars%2Fava_0020-48.png","image_72":"https:\/\/secure.gravatar.com\/avatar\/2d71732360714346e11945b4d3b04767.jpg?s=72&d=https%3A%2F%2Fa.slack-edge.com%2Fdf10d%2Fimg%2Favatars%2Fava_0020-72.png","image_192":"https:\/\/secure.gravatar.com\/avatar\/2d71732360714346e11945b4d3b04767.jpg?s=192&d=https%3A%2F%2Fa.slack-edge.com%2Fdf10d%2Fimg%2Favatars%2Fava_0020-192.png","image_512":"https:\/\/secure.gravatar.com\/avatar\/2d71732360714346e11945b4d3b04767.jpg?s=512&d=https%3A%2F%2Fa.slack-edge.com%2Fdf10d%2Fimg%2Favatars%2Fava_0020-512.png","status_text_canonical":"","team":"T05R93T7YDD"},"is_admin":false,"is_owner":false,"is_primary_owner":false,"is_restricted":true,"is_ultra_restricted":true,"is_bot":false,"is_app_user":false,"updated":1696560645,"is_email_confirmed":true,"who_can_share_contact_card":"EVERYONE"},
{"id":"U05TG4W1YUF","team_id":"T05R93T7YDD","name":"nikhil993477","deleted":false,"color":"e0a729","real_name":"Nikhil Kumar","tz":"Asia\/Kolkata","tz_label":"India Standard Time","tz_offset":19800,"profile":{"title":"","phone":"","skype":"","real_name":"Nikhil Kumar","real_name_normalized":"Nikhil Kumar","display_name":"","display_name_normalized":"","fields":{},"status_text":"","status_emoji":"","status_emoji_display_info":[],"status_expiration":0,"avatar_hash":"g22d8fb57edb","guest_invited_by":"U05TQLV3ZC4","email":"nikhil993477@gmail.com","huddle_state":"default_unset","huddle_state_expiration_ts":0,"first_name":"Nikhil","last_name":"Kumar","image_24":"https:\/\/secure.gravatar.com\/avatar\/22d8fb57edbe9813b22163a51500df62.jpg?s=24&d=https%3A%2F%2Fa.slack-edge.com%2Fdf10d%2Fimg%2Favatars%2Fava_0007-24.png","image_32":"https:\/\/secure.gravatar.com\/avatar\/22d8fb57edbe9813b22163a51500df62.jpg?s=32&d=https%3A%2F%2Fa.slack-edge.com%2Fdf10d%2Fimg%2Favatars%2Fava_0007-32.png","image_48":"https:\/\/secure.gravatar.com\/avatar\/22d8fb57edbe9813b22163a51500df62.jpg?s=48&d=https%3A%2F%2Fa.slack-edge.com%2Fdf10d%2Fimg%2Favatars%2Fava_0007-48.png","image_72":"https:\/\/secure.gravatar.com\/avatar\/22d8fb57edbe9813b22163a51500df62.jpg?s=72&d=https%3A%2F%2Fa.slack-edge.com%2Fdf10d%2Fimg%2Favatars%2Fava_0007-72.png","image_192":"https:\/\/secure.gravatar.com\/avatar\/22d8fb57edbe9813b22163a51500df62.jpg?s=192&d=https%3A%2F%2Fa.slack-edge.com%2Fdf10d%2Fimg%2Favatars%2Fava_0007-192.png","image_512":"https:\/\/secure.gravatar.com\/avatar\/22d8fb57edbe9813b22163a51500df62.jpg?s=512&d=https%3A%2F%2Fa.slack-edge.com%2Fdf10d%2Fimg%2Favatars%2Fava_0007-512.png","status_text_canonical":"","team":"T05R93T7YDD"},"is_admin":false,"is_owner":false,"is_primary_owner":false,"is_restricted":true,"is_ultra_restricted":true,"is_bot":false,"is_app_user":false,"updated":1697433102,"is_email_confirmed":true,"who_can_share_contact_card":"EVERYONE"},
{"id":"U05TQLV3ZC4","team_id":"T05R93T7YDD","name":"satish","deleted":false,"color":"3c989f","real_name":"Satish","tz":"America\/Los_Angeles","tz_label":"Pacific Daylight Time","tz_offset":-25200,"profile":{"title":"","phone":"","skype":"","real_name":"Satish","real_name_normalized":"Satish","display_name":"","display_name_normalized":"","fields":{},"status_text":"","status_emoji":"","status_emoji_display_info":[],"status_expiration":0,"avatar_hash":"g625cc5a58df","email":"satish@kentron.ai","huddle_state":"default_unset","huddle_state_expiration_ts":0,"first_name":"Satish","last_name":"","image_24":"https:\/\/secure.gravatar.com\/avatar\/625cc5a58df870a020f7a9f7070b59a0.jpg?s=24&d=https%3A%2F%2Fa.slack-edge.com%2Fdf10d%2Fimg%2Favatars%2Fava_0007-24.png","image_32":"https:\/\/secure.gravatar.com\/avatar\/625cc5a58df870a020f7a9f7070b59a0.jpg?s=32&d=https%3A%2F%2Fa.slack-edge.com%2Fdf10d%2Fimg%2Favatars%2Fava_0007-32.png","image_48":"https:\/\/secure.gravatar.com\/avatar\/625cc5a58df870a020f7a9f7070b59a0.jpg?s=48&d=https%3A%2F%2Fa.slack-edge.com%2Fdf10d%2Fimg%2Favatars%2Fava_0007-48.png","image_72":"https:\/\/secure.gravatar.com\/avatar\/625cc5a58df870a020f7a9f7070b59a0.jpg?s=72&d=https%3A%2F%2Fa.slack-edge.com%2Fdf10d%2Fimg%2Favatars%2Fava_0007-72.png","image_192":"https:\/\/secure.gravatar.com\/avatar\/625cc5a58df870a020f7a9f7070b59a0.jpg?s=192&d=https%3A%2F%2Fa.slack-edge.com%2Fdf10d%2Fimg%2Favatars%2Fava_0007-192.png","image_512":"https:\/\/secure.gravatar.com\/avatar\/625cc5a58df870a020f7a9f7070b59a0.jpg?s=512&d=https%3A%2F%2Fa.slack-edge.com%2Fdf10d%2Fimg%2Favatars%2Fava_0007-512.png","status_text_canonical":"","team":"T05R93T7YDD"},"is_admin":true,"is_owner":true,"is_primary_owner":true,"is_restricted":false,"is_ultra_restricted":false,"is_bot":false,"is_app_user":false,"updated":1696919073,"is_email_confirmed":true,"who_can_share_contact_card":"EVERYONE"},
{"id":"U05TTNUB27P","team_id":"T05R93T7YDD","name":"sajals1146","deleted":false,"color":"674b1b","real_name":"Sajal","tz":"Asia\/Kolkata","tz_label":"India Standard Time","tz_offset":19800,"profile":{"title":"","phone":"","skype":"","real_name":"Sajal","real_name_normalized":"Sajal","display_name":"Sajal","display_name_normalized":"Sajal","fields":{},"status_text":"","status_emoji":"","status_emoji_display_info":[],"status_expiration":0,"avatar_hash":"g0511a7e9b80","guest_invited_by":"U05TQLV3ZC4","email":"sajalS1146@gmail.com","huddle_state":"default_unset","huddle_state_expiration_ts":0,"first_name":"Sajal","last_name":"","image_24":"https:\/\/secure.gravatar.com\/avatar\/0511a7e9b80becbfe0e28c0728630010.jpg?s=24&d=https%3A%2F%2Fa.slack-edge.com%2Fdf10d%2Fimg%2Favatars%2Fava_0016-24.png","image_32":"https:\/\/secure.gravatar.com\/avatar\/0511a7e9b80becbfe0e28c0728630010.jpg?s=32&d=https%3A%2F%2Fa.slack-edge.com%2Fdf10d%2Fimg%2Favatars%2Fava_0016-32.png","image_48":"https:\/\/secure.gravatar.com\/avatar\/0511a7e9b80becbfe0e28c0728630010.jpg?s=48&d=https%3A%2F%2Fa.slack-edge.com%2Fdf10d%2Fimg%2Favatars%2Fava_0016-48.png","image_72":"https:\/\/secure.gravatar.com\/avatar\/0511a7e9b80becbfe0e28c0728630010.jpg?s=72&d=https%3A%2F%2Fa.slack-edge.com%2Fdf10d%2Fimg%2Favatars%2Fava_0016-72.png","image_192":"https:\/\/secure.gravatar.com\/avatar\/0511a7e9b80becbfe0e28c0728630010.jpg?s=192&d=https%3A%2F%2Fa.slack-edge.com%2Fdf10d%2Fimg%2Favatars%2Fava_0016-192.png","image_512":"https:\/\/secure.gravatar.com\/avatar\/0511a7e9b80becbfe0e28c0728630010.jpg?s=512&d=https%3A%2F%2Fa.slack-edge.com%2Fdf10d%2Fimg%2Favatars%2Fava_0016-512.png","status_text_canonical":"","team":"T05R93T7YDD"},"is_admin":false,"is_owner":false,"is_primary_owner":false,"is_restricted":true,"is_ultra_restricted":true,"is_bot":false,"is_app_user":false,"updated":1696830465,"is_email_confirmed":true,"who_can_share_contact_card":"EVERYONE"},
{"id":"U05TZ4E0G5A","team_id":"T05R93T7YDD","name":"shubhangisharma2411","deleted":false,"color":"e96699","real_name":"Shubhangi","tz":"Asia\/Kolkata","tz_label":"India Standard Time","tz_offset":19800,"profile":{"title":"","phone":"","skype":"","real_name":"Shubhangi","real_name_normalized":"Shubhangi","display_name":"","display_name_normalized":"","fields":{},"status_text":"","status_emoji":"","status_emoji_display_info":[],"status_expiration":0,"avatar_hash":"gd9c7703241c","guest_invited_by":"U05TQLV3ZC4","email":"shubhangisharma2411@gmail.com","huddle_state":"default_unset","huddle_state_expiration_ts":0,"first_name":"Shubhangi","last_name":"","image_24":"https:\/\/secure.gravatar.com\/avatar\/d9c7703241cd5251667b7c1e014d68f4.jpg?s=24&d=https%3A%2F%2Fa.slack-edge.com%2Fdf10d%2Fimg%2Favatars%2Fava_0007-24.png","image_32":"https:\/\/secure.gravatar.com\/avatar\/d9c7703241cd5251667b7c1e014d68f4.jpg?s=32&d=https%3A%2F%2Fa.slack-edge.com%2Fdf10d%2Fimg%2Favatars%2Fava_0007-32.png","image_48":"https:\/\/secure.gravatar.com\/avatar\/d9c7703241cd5251667b7c1e014d68f4.jpg?s=48&d=https%3A%2F%2Fa.slack-edge.com%2Fdf10d%2Fimg%2Favatars%2Fava_0007-48.png","image_72":"https:\/\/secure.gravatar.com\/avatar\/d9c7703241cd5251667b7c1e014d68f4.jpg?s=72&d=https%3A%2F%2Fa.slack-edge.com%2Fdf10d%2Fimg%2Favatars%2Fava_0007-72.png","image_192":"https:\/\/secure.gravatar.com\/avatar\/d9c7703241cd5251667b7c1e014d68f4.jpg?s=192&d=https%3A%2F%2Fa.slack-edge.com%2Fdf10d%2Fimg%2Favatars%2Fava_0007-192.png","image_512":"https:\/\/secure.gravatar.com\/avatar\/d9c7703241cd5251667b7c1e014d68f4.jpg?s=512&d=https%3A%2F%2Fa.slack-edge.com%2Fdf10d%2Fimg%2Favatars%2Fava_0007-512.png","status_text_canonical":"","team":"T05R93T7YDD"},"is_admin":false,"is_owner":false,"is_primary_owner":false,"is_restricted":true,"is_ultra_restricted":true,"is_bot":false,"is_app_user":false,"updated":1696561295,"is_email_confirmed":true,"who_can_share_contact_card":"EVERYONE"},
{"id":"U05V4DFEHS8","team_id":"T05R93T7YDD","name":"tanushsethi55","deleted":false,"color":"684b6c","real_name":"tanushsethi55","tz":"America\/Los_Angeles","tz_label":"Pacific Daylight Time","tz_offset":-25200,"profile":{"title":"","phone":"","skype":"","real_name":"tanushsethi55","real_name_normalized":"tanushsethi55","display_name":"","display_name_normalized":"","fields":{},"status_text":"","status_emoji":"","status_emoji_display_info":[],"status_expiration":0,"avatar_hash":"g0563220e7e3","guest_invited_by":"U05TQLV3ZC4","email":"tanushsethi55@gmail.com","first_name":"tanushsethi55","last_name":"","image_24":"https:\/\/secure.gravatar.com\/avatar\/0563220e7e38dabc880f04ed054e982e.jpg?s=24&d=https%3A%2F%2Fa.slack-edge.com%2Fdf10d%2Fimg%2Favatars%2Fava_0008-24.png","image_32":"https:\/\/secure.gravatar.com\/avatar\/0563220e7e38dabc880f04ed054e982e.jpg?s=32&d=https%3A%2F%2Fa.slack-edge.com%2Fdf10d%2Fimg%2Favatars%2Fava_0008-32.png","image_48":"https:\/\/secure.gravatar.com\/avatar\/0563220e7e38dabc880f04ed054e982e.jpg?s=48&d=https%3A%2F%2Fa.slack-edge.com%2Fdf10d%2Fimg%2Favatars%2Fava_0008-48.png","image_72":"https:\/\/secure.gravatar.com\/avatar\/0563220e7e38dabc880f04ed054e982e.jpg?s=72&d=https%3A%2F%2Fa.slack-edge.com%2Fdf10d%2Fimg%2Favatars%2Fava_0008-72.png","image_192":"https:\/\/secure.gravatar.com\/avatar\/0563220e7e38dabc880f04ed054e982e.jpg?s=192&d=https%3A%2F%2Fa.slack-edge.com%2Fdf10d%2Fimg%2Favatars%2Fava_0008-192.png","image_512":"https:\/\/secure.gravatar.com\/avatar\/0563220e7e38dabc880f04ed054e982e.jpg?s=512&d=https%3A%2F%2Fa.slack-edge.com%2Fdf10d%2Fimg%2Favatars%2Fava_0008-512.png","status_text_canonical":"","team":"T05R93T7YDD"},"is_admin":false,"is_owner":false,"is_primary_owner":false,"is_restricted":true,"is_ultra_restricted":true,"is_bot":false,"is_app_user":false,"updated":1696561634,"is_email_confirmed":false,"who_can_share_contact_card":"EVERYONE","is_invited_user":true}
]