[
    {
        "type": "message",
        "text": "<https:\/\/arrow.readthedocs.io\/en\/latest\/>",
        "user": "U05TQLV3ZC4",
        "ts": "1697084627.978819",
        "blocks": [
            {
                "type": "rich_text",
                "block_id": "QHbfF",
                "elements": [
                    {
                        "type": "rich_text_section",
                        "elements": [
                            {
                                "type": "link",
                                "url": "https:\/\/arrow.readthedocs.io\/en\/latest\/"
                            }
                        ]
                    }
                ]
            }
        ],
        "team": "T05R93T7YDD",
        "user_team": "T05R93T7YDD",
        "source_team": "T05R93T7YDD",
        "user_profile": {
            "avatar_hash": "g625cc5a58df",
            "image_72": "https:\/\/secure.gravatar.com\/avatar\/625cc5a58df870a020f7a9f7070b59a0.jpg?s=72&d=https%3A%2F%2Fa.slack-edge.com%2Fdf10d%2Fimg%2Favatars%2Fava_0007-72.png",
            "first_name": "Satish",
            "real_name": "Satish",
            "display_name": "",
            "team": "T05R93T7YDD",
            "name": "satish",
            "is_restricted": false,
            "is_ultra_restricted": false
        },
        "attachments": [
            {
                "from_url": "https:\/\/arrow.readthedocs.io\/en\/latest\/",
                "service_icon": "https:\/\/arrow.readthedocs.io\/favicon.ico",
                "id": 1,
                "original_url": "https:\/\/arrow.readthedocs.io\/en\/latest\/",
                "fallback": "Arrow: Better dates &amp; times for Python — Arrow :bow_and_arrow: 1.3.0 documentation",
                "title": "Arrow: Better dates &amp; times for Python — Arrow :bow_and_arrow: 1.3.0 documentation",
                "title_link": "https:\/\/arrow.readthedocs.io\/en\/latest\/",
                "service_name": "arrow.readthedocs.io"
            }
        ],
        "subtype": "document_unfurl",
        "document_unfurl": {
            "is_unfurled": true
        }
    },
    {
        "type": "message",
        "text": "<https:\/\/tinydb.readthedocs.io\/en\/latest\/>",
        "user": "U05TQLV3ZC4",
        "ts": "1697084732.726039",
        "blocks": [
            {
                "type": "rich_text",
                "block_id": "3jB",
                "elements": [
                    {
                        "type": "rich_text_section",
                        "elements": [
                            {
                                "type": "link",
                                "url": "https:\/\/tinydb.readthedocs.io\/en\/latest\/"
                            }
                        ]
                    }
                ]
            }
        ],
        "team": "T05R93T7YDD",
        "user_team": "T05R93T7YDD",
        "source_team": "T05R93T7YDD",
        "user_profile": {
            "avatar_hash": "g625cc5a58df",
            "image_72": "https:\/\/secure.gravatar.com\/avatar\/625cc5a58df870a020f7a9f7070b59a0.jpg?s=72&d=https%3A%2F%2Fa.slack-edge.com%2Fdf10d%2Fimg%2Favatars%2Fava_0007-72.png",
            "first_name": "Satish",
            "real_name": "Satish",
            "display_name": "",
            "team": "T05R93T7YDD",
            "name": "satish",
            "is_restricted": false,
            "is_ultra_restricted": false
        },
        "attachments": [
            {
                "from_url": "https:\/\/tinydb.readthedocs.io\/en\/latest\/",
                "service_icon": "https:\/\/tinydb.readthedocs.io\/favicon.ico",
                "id": 1,
                "original_url": "https:\/\/tinydb.readthedocs.io\/en\/latest\/",
                "fallback": "Welcome to TinyDB! — TinyDB 4.8.0 documentation",
                "title": "Welcome to TinyDB! — TinyDB 4.8.0 documentation",
                "title_link": "https:\/\/tinydb.readthedocs.io\/en\/latest\/",
                "service_name": "tinydb.readthedocs.io"
            }
        ],
        "subtype": "document_unfurl",
        "document_unfurl": {
            "is_unfurled": true
        }
    },
    {
        "type": "message",
        "text": "<https:\/\/pandas.pydata.org\/>",
        "user": "U05TQLV3ZC4",
        "ts": "1697084884.003879",
        "blocks": [
            {
                "type": "rich_text",
                "block_id": "GZi",
                "elements": [
                    {
                        "type": "rich_text_section",
                        "elements": [
                            {
                                "type": "link",
                                "url": "https:\/\/pandas.pydata.org\/"
                            }
                        ]
                    }
                ]
            }
        ],
        "team": "T05R93T7YDD",
        "user_team": "T05R93T7YDD",
        "source_team": "T05R93T7YDD",
        "user_profile": {
            "avatar_hash": "g625cc5a58df",
            "image_72": "https:\/\/secure.gravatar.com\/avatar\/625cc5a58df870a020f7a9f7070b59a0.jpg?s=72&d=https%3A%2F%2Fa.slack-edge.com%2Fdf10d%2Fimg%2Favatars%2Fava_0007-72.png",
            "first_name": "Satish",
            "real_name": "Satish",
            "display_name": "",
            "team": "T05R93T7YDD",
            "name": "satish",
            "is_restricted": false,
            "is_ultra_restricted": false
        },
        "subtype": "document_unfurl",
        "document_unfurl": {
            "is_unfurled": true
        }
    },
    {
        "type": "message",
        "text": "<https:\/\/www.youtube.com\/shorts\/tXYwwKdWy9Q>",
        "user": "U05TQLV3ZC4",
        "ts": "1697085203.782979",
        "blocks": [
            {
                "type": "rich_text",
                "block_id": "XJ\/Y\/",
                "elements": [
                    {
                        "type": "rich_text_section",
                        "elements": [
                            {
                                "type": "link",
                                "url": "https:\/\/www.youtube.com\/shorts\/tXYwwKdWy9Q"
                            }
                        ]
                    }
                ]
            }
        ],
        "team": "T05R93T7YDD",
        "user_team": "T05R93T7YDD",
        "source_team": "T05R93T7YDD",
        "user_profile": {
            "avatar_hash": "g625cc5a58df",
            "image_72": "https:\/\/secure.gravatar.com\/avatar\/625cc5a58df870a020f7a9f7070b59a0.jpg?s=72&d=https%3A%2F%2Fa.slack-edge.com%2Fdf10d%2Fimg%2Favatars%2Fava_0007-72.png",
            "first_name": "Satish",
            "real_name": "Satish",
            "display_name": "",
            "team": "T05R93T7YDD",
            "name": "satish",
            "is_restricted": false,
            "is_ultra_restricted": false
        },
        "attachments": [
            {
                "from_url": "https:\/\/www.youtube.com\/shorts\/tXYwwKdWy9Q",
                "thumb_url": "https:\/\/i.ytimg.com\/vi\/tXYwwKdWy9Q\/hqdefault.jpg?sqp=-oaymwEoCOADEOgC8quKqQMcGADwAQH4AbYIgAKAD4oCDAgAEAEYZSBlKGUwDw==&rs=AOn4CLDKYbDzg4tNprpT4SJJeh0s6JPoUg",
                "thumb_width": 480,
                "thumb_height": 360,
                "image_url": "https:\/\/i.ytimg.com\/vi\/tXYwwKdWy9Q\/hqdefault.jpg?sqp=-oaymwEoCOADEOgC8quKqQMcGADwAQH4AbYIgAKAD4oCDAgAEAEYZSBlKGUwDw==&rs=AOn4CLDKYbDzg4tNprpT4SJJeh0s6JPoUg",
                "image_width": 480,
                "image_height": 360,
                "image_bytes": 9603,
                "service_icon": "https:\/\/www.youtube.com\/s\/desktop\/606dbbab\/img\/favicon.ico",
                "id": 1,
                "original_url": "https:\/\/www.youtube.com\/shorts\/tXYwwKdWy9Q",
                "fallback": "YouTube: Python Libraries you SHOULD KNOW :woman::computer: #technology #programmer #softwareengineer #coder #software",
                "title": "Python Libraries you SHOULD KNOW :woman::computer: #technology #programmer #softwareengineer #coder #software",
                "title_link": "https:\/\/www.youtube.com\/shorts\/tXYwwKdWy9Q",
                "service_name": "YouTube"
            }
        ],
        "subtype": "document_unfurl",
        "document_unfurl": {
            "is_unfurled": true
        }
    }
]