[
    {
        "client_msg_id": "116289B2-0E9A-4A37-AAFA-0653DA9E1636",
        "type": "message",
        "text": "Hello <@U05S28X7ETB> - I missed out call. I was out just got home. Can we connect tomorrow? ",
        "user": "U05TQLV3ZC4",
        "ts": "1695778655.938259",
        "blocks": [
            {
                "type": "rich_text",
                "block_id": "7tAc",
                "elements": [
                    {
                        "type": "rich_text_section",
                        "elements": [
                            {
                                "type": "text",
                                "text": "Hello "
                            },
                            {
                                "type": "user",
                                "user_id": "U05S28X7ETB"
                            },
                            {
                                "type": "text",
                                "text": " - I missed out call. I was out just got home. Can we connect tomorrow? "
                            }
                        ]
                    }
                ]
            }
        ],
        "team": "T05R93T7YDD",
        "user_team": "T05R93T7YDD",
        "source_team": "T05R93T7YDD",
        "user_profile": {
            "avatar_hash": "g625cc5a58df",
            "image_72": "https:\/\/secure.gravatar.com\/avatar\/625cc5a58df870a020f7a9f7070b59a0.jpg?s=72&d=https%3A%2F%2Fa.slack-edge.com%2Fdf10d%2Fimg%2Favatars%2Fava_0007-72.png",
            "first_name": "Satish",
            "real_name": "Satish",
            "display_name": "",
            "team": "T05R93T7YDD",
            "name": "satish",
            "is_restricted": false,
            "is_ultra_restricted": false
        }
    },
    {
        "client_msg_id": "57270ADE-29BC-4BED-81BF-34E3DA4A3ED7",
        "type": "message",
        "text": "Yes sure",
        "user": "U05S28X7ETB",
        "ts": "1695781534.155949",
        "blocks": [
            {
                "type": "rich_text",
                "block_id": "pGTQ",
                "elements": [
                    {
                        "type": "rich_text_section",
                        "elements": [
                            {
                                "type": "text",
                                "text": "Yes sure"
                            }
                        ]
                    }
                ]
            }
        ],
        "team": "T05R93T7YDD",
        "user_team": "T05R93T7YDD",
        "source_team": "T05R93T7YDD",
        "user_profile": {
            "avatar_hash": "g2d717323607",
            "image_72": "https:\/\/secure.gravatar.com\/avatar\/2d71732360714346e11945b4d3b04767.jpg?s=72&d=https%3A%2F%2Fa.slack-edge.com%2Fdf10d%2Fimg%2Favatars%2Fava_0020-72.png",
            "first_name": "Mrunal",
            "real_name": "Mrunal Payagude",
            "display_name": "",
            "team": "T05R93T7YDD",
            "name": "payagude.m",
            "is_restricted": true,
            "is_ultra_restricted": true
        }
    }
]