[
    {
        "client_msg_id": "ae314510-ccbb-45f3-9528-c3c1fc53c2e9",
        "type": "message",
        "text": "thank you",
        "user": "U05S28X7ETB",
        "ts": "1696375878.606929",
        "blocks": [
            {
                "type": "rich_text",
                "block_id": "BOQy",
                "elements": [
                    {
                        "type": "rich_text_section",
                        "elements": [
                            {
                                "type": "text",
                                "text": "thank you"
                            }
                        ]
                    }
                ]
            }
        ],
        "team": "T05R93T7YDD",
        "user_team": "T05R93T7YDD",
        "source_team": "T05R93T7YDD",
        "user_profile": {
            "avatar_hash": "g2d717323607",
            "image_72": "https:\/\/secure.gravatar.com\/avatar\/2d71732360714346e11945b4d3b04767.jpg?s=72&d=https%3A%2F%2Fa.slack-edge.com%2Fdf10d%2Fimg%2Favatars%2Fava_0020-72.png",
            "first_name": "Mrunal",
            "real_name": "Mrunal Payagude",
            "display_name": "",
            "team": "T05R93T7YDD",
            "name": "payagude.m",
            "is_restricted": true,
            "is_ultra_restricted": true
        }
    },
    {
        "client_msg_id": "e8f7e05c-8468-4c7f-9c30-96f1e1360830",
        "type": "message",
        "text": "have a phone screen tomorrow",
        "user": "U05S28X7ETB",
        "ts": "1696375886.153729",
        "blocks": [
            {
                "type": "rich_text",
                "block_id": "5r3",
                "elements": [
                    {
                        "type": "rich_text_section",
                        "elements": [
                            {
                                "type": "text",
                                "text": "have a phone screen tomorrow"
                            }
                        ]
                    }
                ]
            }
        ],
        "team": "T05R93T7YDD",
        "user_team": "T05R93T7YDD",
        "source_team": "T05R93T7YDD",
        "user_profile": {
            "avatar_hash": "g2d717323607",
            "image_72": "https:\/\/secure.gravatar.com\/avatar\/2d71732360714346e11945b4d3b04767.jpg?s=72&d=https%3A%2F%2Fa.slack-edge.com%2Fdf10d%2Fimg%2Favatars%2Fava_0020-72.png",
            "first_name": "Mrunal",
            "real_name": "Mrunal Payagude",
            "display_name": "",
            "team": "T05R93T7YDD",
            "name": "payagude.m",
            "is_restricted": true,
            "is_ultra_restricted": true
        }
    },
    {
        "client_msg_id": "011d3cbf-822f-4836-afdb-211ff3d82603",
        "type": "message",
        "text": "got little caught up with that",
        "user": "U05S28X7ETB",
        "ts": "1696375901.055949",
        "blocks": [
            {
                "type": "rich_text",
                "block_id": "9lXf",
                "elements": [
                    {
                        "type": "rich_text_section",
                        "elements": [
                            {
                                "type": "text",
                                "text": "got little caught up with that"
                            }
                        ]
                    }
                ]
            }
        ],
        "team": "T05R93T7YDD",
        "user_team": "T05R93T7YDD",
        "source_team": "T05R93T7YDD",
        "user_profile": {
            "avatar_hash": "g2d717323607",
            "image_72": "https:\/\/secure.gravatar.com\/avatar\/2d71732360714346e11945b4d3b04767.jpg?s=72&d=https%3A%2F%2Fa.slack-edge.com%2Fdf10d%2Fimg%2Favatars%2Fava_0020-72.png",
            "first_name": "Mrunal",
            "real_name": "Mrunal Payagude",
            "display_name": "",
            "team": "T05R93T7YDD",
            "name": "payagude.m",
            "is_restricted": true,
            "is_ultra_restricted": true
        }
    },
    {
        "client_msg_id": "c5e456c8-bff3-4f9e-8a9f-51bb58ce9b12",
        "type": "message",
        "text": "can we postpone todays call?",
        "user": "U05S28X7ETB",
        "ts": "1696375920.704989",
        "blocks": [
            {
                "type": "rich_text",
                "block_id": "4xf",
                "elements": [
                    {
                        "type": "rich_text_section",
                        "elements": [
                            {
                                "type": "text",
                                "text": "can we postpone todays call?"
                            }
                        ]
                    }
                ]
            }
        ],
        "team": "T05R93T7YDD",
        "user_team": "T05R93T7YDD",
        "source_team": "T05R93T7YDD",
        "user_profile": {
            "avatar_hash": "g2d717323607",
            "image_72": "https:\/\/secure.gravatar.com\/avatar\/2d71732360714346e11945b4d3b04767.jpg?s=72&d=https%3A%2F%2Fa.slack-edge.com%2Fdf10d%2Fimg%2Favatars%2Fava_0020-72.png",
            "first_name": "Mrunal",
            "real_name": "Mrunal Payagude",
            "display_name": "",
            "team": "T05R93T7YDD",
            "name": "payagude.m",
            "is_restricted": true,
            "is_ultra_restricted": true
        }
    },
    {
        "client_msg_id": "9AE20729-17CD-4C5D-80E0-8B02A21119B6",
        "type": "message",
        "text": "Yes, I'm also under the weather ",
        "user": "U05TQLV3ZC4",
        "ts": "1696378233.339819",
        "blocks": [
            {
                "type": "rich_text",
                "block_id": "upA1p",
                "elements": [
                    {
                        "type": "rich_text_section",
                        "elements": [
                            {
                                "type": "text",
                                "text": "Yes, I'm also under the weather "
                            }
                        ]
                    }
                ]
            }
        ],
        "team": "T05R93T7YDD",
        "user_team": "T05R93T7YDD",
        "source_team": "T05R93T7YDD",
        "user_profile": {
            "avatar_hash": "g625cc5a58df",
            "image_72": "https:\/\/secure.gravatar.com\/avatar\/625cc5a58df870a020f7a9f7070b59a0.jpg?s=72&d=https%3A%2F%2Fa.slack-edge.com%2Fdf10d%2Fimg%2Favatars%2Fava_0007-72.png",
            "first_name": "Satish",
            "real_name": "Satish",
            "display_name": "",
            "team": "T05R93T7YDD",
            "name": "satish",
            "is_restricted": false,
            "is_ultra_restricted": false
        }
    },
    {
        "client_msg_id": "050B35EF-C520-4398-948F-D5A51BFB4E62",
        "type": "message",
        "text": "Been sick since last few days ",
        "user": "U05TQLV3ZC4",
        "ts": "1696378245.911009",
        "blocks": [
            {
                "type": "rich_text",
                "block_id": "HqV",
                "elements": [
                    {
                        "type": "rich_text_section",
                        "elements": [
                            {
                                "type": "text",
                                "text": "Been sick since last few days "
                            }
                        ]
                    }
                ]
            }
        ],
        "team": "T05R93T7YDD",
        "user_team": "T05R93T7YDD",
        "source_team": "T05R93T7YDD",
        "user_profile": {
            "avatar_hash": "g625cc5a58df",
            "image_72": "https:\/\/secure.gravatar.com\/avatar\/625cc5a58df870a020f7a9f7070b59a0.jpg?s=72&d=https%3A%2F%2Fa.slack-edge.com%2Fdf10d%2Fimg%2Favatars%2Fava_0007-72.png",
            "first_name": "Satish",
            "real_name": "Satish",
            "display_name": "",
            "team": "T05R93T7YDD",
            "name": "satish",
            "is_restricted": false,
            "is_ultra_restricted": false
        }
    },
    {
        "client_msg_id": "ADDF45D4-FD29-4D14-B213-278F701CAA80",
        "type": "message",
        "text": "Oh! Okay!\nTake care! Get well soon",
        "user": "U05S28X7ETB",
        "ts": "1696382906.031379",
        "blocks": [
            {
                "type": "rich_text",
                "block_id": "RzE",
                "elements": [
                    {
                        "type": "rich_text_section",
                        "elements": [
                            {
                                "type": "text",
                                "text": "Oh! Okay!\nTake care! Get well soon"
                            }
                        ]
                    }
                ]
            }
        ],
        "team": "T05R93T7YDD",
        "user_team": "T05R93T7YDD",
        "source_team": "T05R93T7YDD",
        "user_profile": {
            "avatar_hash": "g2d717323607",
            "image_72": "https:\/\/secure.gravatar.com\/avatar\/2d71732360714346e11945b4d3b04767.jpg?s=72&d=https%3A%2F%2Fa.slack-edge.com%2Fdf10d%2Fimg%2Favatars%2Fava_0020-72.png",
            "first_name": "Mrunal",
            "real_name": "Mrunal Payagude",
            "display_name": "",
            "team": "T05R93T7YDD",
            "name": "payagude.m",
            "is_restricted": true,
            "is_ultra_restricted": true
        }
    },
    {
        "client_msg_id": "fcf90a23-ba6e-4656-a530-03437f4dc412",
        "type": "message",
        "text": "you too. Thanks!",
        "user": "U05TQLV3ZC4",
        "ts": "1696385362.979689",
        "blocks": [
            {
                "type": "rich_text",
                "block_id": "nf0vQ",
                "elements": [
                    {
                        "type": "rich_text_section",
                        "elements": [
                            {
                                "type": "text",
                                "text": "you too. Thanks!"
                            }
                        ]
                    }
                ]
            }
        ],
        "team": "T05R93T7YDD",
        "user_team": "T05R93T7YDD",
        "source_team": "T05R93T7YDD",
        "user_profile": {
            "avatar_hash": "g625cc5a58df",
            "image_72": "https:\/\/secure.gravatar.com\/avatar\/625cc5a58df870a020f7a9f7070b59a0.jpg?s=72&d=https%3A%2F%2Fa.slack-edge.com%2Fdf10d%2Fimg%2Favatars%2Fava_0007-72.png",
            "first_name": "Satish",
            "real_name": "Satish",
            "display_name": "",
            "team": "T05R93T7YDD",
            "name": "satish",
            "is_restricted": false,
            "is_ultra_restricted": false
        }
    }
]