[
    {
        "client_msg_id": "EBDBE58F-A65D-47B1-8113-579874E5CBAF",
        "type": "message",
        "text": "<https:\/\/jobs.lever.co\/pryon\/64dcf263-3278-4962-9e01-f6061f7dd735|https:\/\/jobs.lever.co\/pryon\/64dcf263-3278-4962-9e01-f6061f7dd735>",
        "user": "U05TQLV3ZC4",
        "ts": "1695913936.951989",
        "blocks": [
            {
                "type": "rich_text",
                "block_id": "Fu3",
                "elements": [
                    {
                        "type": "rich_text_section",
                        "elements": [
                            {
                                "type": "link",
                                "url": "https:\/\/jobs.lever.co\/pryon\/64dcf263-3278-4962-9e01-f6061f7dd735",
                                "text": "https:\/\/jobs.lever.co\/pryon\/64dcf263-3278-4962-9e01-f6061f7dd735"
                            }
                        ]
                    }
                ]
            }
        ],
        "team": "T05R93T7YDD",
        "user_team": "T05R93T7YDD",
        "source_team": "T05R93T7YDD",
        "user_profile": {
            "avatar_hash": "g625cc5a58df",
            "image_72": "https:\/\/secure.gravatar.com\/avatar\/625cc5a58df870a020f7a9f7070b59a0.jpg?s=72&d=https%3A%2F%2Fa.slack-edge.com%2Fdf10d%2Fimg%2Favatars%2Fava_0007-72.png",
            "first_name": "Satish",
            "real_name": "Satish",
            "display_name": "",
            "team": "T05R93T7YDD",
            "name": "satish",
            "is_restricted": false,
            "is_ultra_restricted": false
        },
        "attachments": [
            {
                "from_url": "https:\/\/jobs.lever.co\/pryon\/64dcf263-3278-4962-9e01-f6061f7dd735",
                "thumb_url": "https:\/\/lever-client-logos.s3.us-west-2.amazonaws.com\/81c42ca4-9267-4a50-98d1-745de2403348-1689607918983.png",
                "thumb_width": 200,
                "thumb_height": 200,
                "service_icon": "https:\/\/jobs.lever.co\/favicon.ico",
                "id": 1,
                "original_url": "https:\/\/jobs.lever.co\/pryon\/64dcf263-3278-4962-9e01-f6061f7dd735",
                "fallback": "Pryon - Product Manager - Applications",
                "text": "Pryon is seeking an experienced and talented product management professional with a track record of bringing new features and methods to market from initial launch to market leader. The ideal candidate will be able to think creatively about how to apply AI and ML techniques to the traditional knowledge management segment. The Product Manager will manage the product definition, positioning, pricing, and lifecycle management of existing and new products. This position will be responsible for determining one of Pryon's applications offerings and driving the development, launch, and adoption of the product to positively impact the customers experience and gain market share. The role is responsible for developing and executing the delivery of the product roadmap for Pryon.",
                "title": "Pryon - Product Manager - Applications",
                "title_link": "https:\/\/jobs.lever.co\/pryon\/64dcf263-3278-4962-9e01-f6061f7dd735",
                "service_name": "jobs.lever.co",
                "fields": [
                    {
                        "value": "San Francisco, CA",
                        "title": "Location",
                        "short": true
                    },
                    {
                        "value": "Product",
                        "title": "Team",
                        "short": true
                    }
                ]
            }
        ]
    },
    {
        "type": "message",
        "text": "",
        "files": [
            {
                "id": "F05UJ4DSTNY",
                "created": 1695970661,
                "timestamp": 1695970661,
                "name": "File.jpg",
                "title": "File",
                "mimetype": "image\/jpeg",
                "filetype": "jpg",
                "pretty_type": "JPEG",
                "user": "U05S28X7ETB",
                "user_team": "T05R93T7YDD",
                "editable": false,
                "size": 136107,
                "mode": "hosted",
                "is_external": false,
                "external_type": "",
                "is_public": false,
                "public_url_shared": false,
                "display_as_bot": false,
                "username": "",
                "url_private": "https:\/\/files.slack.com\/files-pri\/T05R93T7YDD-F05UJ4DSTNY\/file.jpg?t=xoxe-5859129270455-6055085776481-6055085969137-dd15bf92da5787bbb1df770b9954eb00",
                "url_private_download": "https:\/\/files.slack.com\/files-pri\/T05R93T7YDD-F05UJ4DSTNY\/download\/file.jpg?t=xoxe-5859129270455-6055085776481-6055085969137-dd15bf92da5787bbb1df770b9954eb00",
                "media_display_type": "unknown",
                "thumb_64": "https:\/\/files.slack.com\/files-tmb\/T05R93T7YDD-F05UJ4DSTNY-d5ea1a58ce\/file_64.jpg?t=xoxe-5859129270455-6055085776481-6055085969137-dd15bf92da5787bbb1df770b9954eb00",
                "thumb_80": "https:\/\/files.slack.com\/files-tmb\/T05R93T7YDD-F05UJ4DSTNY-d5ea1a58ce\/file_80.jpg?t=xoxe-5859129270455-6055085776481-6055085969137-dd15bf92da5787bbb1df770b9954eb00",
                "thumb_360": "https:\/\/files.slack.com\/files-tmb\/T05R93T7YDD-F05UJ4DSTNY-d5ea1a58ce\/file_360.jpg?t=xoxe-5859129270455-6055085776481-6055085969137-dd15bf92da5787bbb1df770b9954eb00",
                "thumb_360_w": 166,
                "thumb_360_h": 360,
                "thumb_480": "https:\/\/files.slack.com\/files-tmb\/T05R93T7YDD-F05UJ4DSTNY-d5ea1a58ce\/file_480.jpg?t=xoxe-5859129270455-6055085776481-6055085969137-dd15bf92da5787bbb1df770b9954eb00",
                "thumb_480_w": 222,
                "thumb_480_h": 480,
                "thumb_160": "https:\/\/files.slack.com\/files-tmb\/T05R93T7YDD-F05UJ4DSTNY-d5ea1a58ce\/file_160.jpg?t=xoxe-5859129270455-6055085776481-6055085969137-dd15bf92da5787bbb1df770b9954eb00",
                "thumb_720": "https:\/\/files.slack.com\/files-tmb\/T05R93T7YDD-F05UJ4DSTNY-d5ea1a58ce\/file_720.jpg?t=xoxe-5859129270455-6055085776481-6055085969137-dd15bf92da5787bbb1df770b9954eb00",
                "thumb_720_w": 333,
                "thumb_720_h": 720,
                "thumb_800": "https:\/\/files.slack.com\/files-tmb\/T05R93T7YDD-F05UJ4DSTNY-d5ea1a58ce\/file_800.jpg?t=xoxe-5859129270455-6055085776481-6055085969137-dd15bf92da5787bbb1df770b9954eb00",
                "thumb_800_w": 800,
                "thumb_800_h": 1731,
                "thumb_960": "https:\/\/files.slack.com\/files-tmb\/T05R93T7YDD-F05UJ4DSTNY-d5ea1a58ce\/file_960.jpg?t=xoxe-5859129270455-6055085776481-6055085969137-dd15bf92da5787bbb1df770b9954eb00",
                "thumb_960_w": 444,
                "thumb_960_h": 960,
                "thumb_1024": "https:\/\/files.slack.com\/files-tmb\/T05R93T7YDD-F05UJ4DSTNY-d5ea1a58ce\/file_1024.jpg?t=xoxe-5859129270455-6055085776481-6055085969137-dd15bf92da5787bbb1df770b9954eb00",
                "thumb_1024_w": 473,
                "thumb_1024_h": 1024,
                "original_w": 1170,
                "original_h": 2532,
                "thumb_tiny": "AwAwABakc4HFNzQQMcZzSUAO3DFJmkooAUoRj5l5GaQjHcU8oAgY9P8AeFMPtQAmD60YPrS0UAL24NGaB2FKUPPB\/KgBDj8aSlpKAP\/Z",
                "permalink": "https:\/\/kentronhq.slack.com\/files\/U05S28X7ETB\/F05UJ4DSTNY\/file.jpg",
                "permalink_public": "https:\/\/slack-files.com\/T05R93T7YDD-F05UJ4DSTNY-07a2d4b3c8",
                "is_starred": false,
                "has_rich_preview": false,
                "file_access": "visible"
            }
        ],
        "upload": false,
        "user": "U05S28X7ETB",
        "display_as_bot": false,
        "ts": "1695970669.890269",
        "reactions": [
            {
                "name": "+1",
                "users": [
                    "U05TQLV3ZC4"
                ],
                "count": 1
            },
            {
                "name": "thankyou",
                "users": [
                    "U05TQLV3ZC4"
                ],
                "count": 1
            }
        ]
    }
]