[
{"id":"F05SCLAJUP2","created":1694352133,"name":"Something_that_needs_to_get","title":"Something that needs to get","mimetype":"application\/vnd.slack-docs","filetype":"quip","pretty_type":"Canvas","user":"USLACKBOT","editable":true,"size":0,"mode":"quip","is_public":true,"is_tombstoned":false,"public_url_shared":false,"date_delete":0,"url_private_download":"https:\/\/files.slack.com\/files-pri\/T05R93T7YDD-F05SCLAJUP2\/download\/canvas?t=xoxe-5859129270455-5995793087185-5985606474532-637abad4896c0deb061dccc2d88bf68b","shares":[{"team":"T05R93T7YDD","channel":"C05SCKCMV5E"}],"export_timestamp":1696332482}
]