[
    {
        "type": "message",
        "text": "To-do list",
        "user": "USLACKBOT",
        "ts": "1694352140.747339",
        "blocks": [
            {
                "type": "rich_text",
                "block_id": "S5kj",
                "elements": [
                    {
                        "type": "rich_text_section",
                        "elements": [
                            {
                                "type": "text",
                                "text": "To-do list",
                                "style": {
                                    "bold": true
                                }
                            }
                        ]
                    }
                ]
            }
        ],
        "team": "T05R93T7YDD",
        "user_team": "T05R93T7YDD",
        "source_team": "T05R93T7YDD",
        "user_profile": {
            "avatar_hash": "sv41d8cd98f0",
            "image_72": "https:\/\/a.slack-edge.com\/80588\/img\/slackbot_72.png",
            "first_name": "slackbot",
            "real_name": "Slackbot",
            "display_name": "Slackbot",
            "team": "T05R93T7YDD",
            "name": "slackbot",
            "is_restricted": false,
            "is_ultra_restricted": false
        },
        "edited": {
            "user": "USLACKBOT",
            "ts": "1694352186.000000"
        },
        "subtype": "document_comment_root",
        "document_comment": {
            "thread_id": "temp:C:APEc26cf981206046cda0563f569",
            "authors": [
                "U05S28VB3ED"
            ],
            "section_edited_ts": 1694359443820588,
            "section_created_ts": 1694352137788255,
            "is_archived": false,
            "is_visible": true,
            "most_recent_editor": "U05S28VB3ED"
        }
    }
]