[
    {
        "client_msg_id": "53d15aad-c6d3-4d01-a443-4cf30fba9bef",
        "type": "message",
        "text": "join kaise kre?",
        "user": "U05TTNUB27P",
        "ts": "1695879307.745869",
        "blocks": [
            {
                "type": "rich_text",
                "block_id": "SbWJ",
                "elements": [
                    {
                        "type": "rich_text_section",
                        "elements": [
                            {
                                "type": "text",
                                "text": "join kaise kre?"
                            }
                        ]
                    }
                ]
            }
        ],
        "team": "T05R93T7YDD",
        "user_team": "T05R93T7YDD",
        "source_team": "T05R93T7YDD",
        "user_profile": {
            "avatar_hash": "g0511a7e9b80",
            "image_72": "https:\/\/secure.gravatar.com\/avatar\/0511a7e9b80becbfe0e28c0728630010.jpg?s=72&d=https%3A%2F%2Fa.slack-edge.com%2Fdf10d%2Fimg%2Favatars%2Fava_0016-72.png",
            "first_name": "Sajal",
            "real_name": "Sajal",
            "display_name": "Sajal",
            "team": "T05R93T7YDD",
            "name": "sajals1146",
            "is_restricted": true,
            "is_ultra_restricted": true
        }
    },
    {
        "client_msg_id": "b1fda0f7-bdfc-421b-bff6-3ddab639903a",
        "type": "message",
        "text": "kch bolna",
        "user": "U05TG4W1YUF",
        "ts": "1695881345.090759",
        "blocks": [
            {
                "type": "rich_text",
                "block_id": "RvL",
                "elements": [
                    {
                        "type": "rich_text_section",
                        "elements": [
                            {
                                "type": "text",
                                "text": "kch bolna"
                            }
                        ]
                    }
                ]
            }
        ],
        "team": "T05R93T7YDD",
        "user_team": "T05R93T7YDD",
        "source_team": "T05R93T7YDD",
        "user_profile": {
            "avatar_hash": "g22d8fb57edb",
            "image_72": "https:\/\/secure.gravatar.com\/avatar\/22d8fb57edbe9813b22163a51500df62.jpg?s=72&d=https%3A%2F%2Fa.slack-edge.com%2Fdf10d%2Fimg%2Favatars%2Fava_0007-72.png",
            "first_name": "Nikhil",
            "real_name": "Nikhil Kumar",
            "display_name": "",
            "team": "T05R93T7YDD",
            "name": "nikhil993477",
            "is_restricted": true,
            "is_ultra_restricted": true
        }
    },
    {
        "client_msg_id": "8f248696-3a39-4b74-a8fc-f5b940f59446",
        "type": "message",
        "text": "kya bole isme? :joy:",
        "user": "U05TTNUB27P",
        "ts": "1695881367.785099",
        "blocks": [
            {
                "type": "rich_text",
                "block_id": "BwO\/k",
                "elements": [
                    {
                        "type": "rich_text_section",
                        "elements": [
                            {
                                "type": "text",
                                "text": "kya bole isme? "
                            },
                            {
                                "type": "emoji",
                                "name": "joy",
                                "unicode": "1f602"
                            }
                        ]
                    }
                ]
            }
        ],
        "team": "T05R93T7YDD",
        "user_team": "T05R93T7YDD",
        "source_team": "T05R93T7YDD",
        "user_profile": {
            "avatar_hash": "g0511a7e9b80",
            "image_72": "https:\/\/secure.gravatar.com\/avatar\/0511a7e9b80becbfe0e28c0728630010.jpg?s=72&d=https%3A%2F%2Fa.slack-edge.com%2Fdf10d%2Fimg%2Favatars%2Fava_0016-72.png",
            "first_name": "Sajal",
            "real_name": "Sajal",
            "display_name": "Sajal",
            "team": "T05R93T7YDD",
            "name": "sajals1146",
            "is_restricted": true,
            "is_ultra_restricted": true
        }
    }
]